Symbol,askSize,bidSize,beta(0-1),debtToEquity,totalDebt,Equity,dividendYield,Dividned %,ebitda,netIncomeToCommon,grossMargins,grossProfits,marketCap,freeCashflow,Dividend payout Ratio(dividned/EPS),PEG Ratio(PE/Growth),bookValue,priceToSales,EPS Growth,revenueGrowth,totalRevenue,Total sharesOutstanding
AAL,36100,47300,1.594117,1,45861998592,45861998592,,0,-1136999936,-2377999872,0.12622,1934000000,8210477568,1318749952,0,0.1,-11.486,0.23611645,53.684,1.22,34773000192,647513984
ABMD,800,900,1.351633,0.665,9996000,15031578.95,,0,283932992,136504992,0.81763,843595000,11292841984,200419504,0,14.21,33.007,10.945295,22.703,0.119,1031753024,45625800
ADBE,800,900,1.082577,33.307,4657999872,139850478,,0,6662000128,4888999936,0.87869,13920000000,173000000000,5786500096,0,1.89,29.629,10.36143,35.195,0.144,16693000192,472500000
ADSK,1300,1000,1.442156,360.382,3060000000,8490990.116,,0,826099968,497000000,0.91679,4021400000,37826555904,1303000064,0,1.03,5.812,8.623599,19.965,0.166,4386400256,219972992
AKAM,1100,900,0.611161,75.439,3244293888,43005526.16,,0,1206779008,615110016,0.63237,2192267000,14640655360,775975360,0,1.6,26.789,4.156724,21.739,0.072,3522161920,160304992
ALGN,800,900,1.76588,3.551,130226000,36673049.85,,0,1061756032,705942016,0.73619,2935355000,18650898432,361620512,0,0.55,46.531,4.6268296,51.121,0.088,4031032064,78805504
ALK,800,1200,1.447822,109.953,3999000064,36370085.98,,0,467000000,466000000,0.19108,939000000,5049984512,273875008,0,-0.45,28.845,0.71529526,56.262,1.109,7059999744,126092000
AMD,1200,900,1.805392,9.764,732000000,74969274.89,,0,4055000064,3161999872,0.48248002,7929000000,92345933824,3122749952,0,0.6,5.888,5.6192,13.548,0.488,16433999872,1207609984
AMZN,900,900,1.119607,84.542,113000000000,1340008516,,0,55449001984,21412999168,0.42137,197000000000,53864189952,18005624832,0,3.31,237.799,0.11274603,941.839,0.073,478000000000,507148000
ANET,1200,800,1.223039,1.931,76825000,39785085.45,,0,975073024,840854016,0.63798,1880779000,28806301696,649264896,0,1.43,12.568,9.77135,9.618,0.271,2948037120,307300000
ANSS,1100,800,1.258333,19.643,880795008,44840147.02,,0,626179008,454627008,0.89655995,1709493000,20878770176,429369888,0,2.68,49.755,10.950127,21.891,0.051,1906715008,87253000
APTV,1300,800,2.072058,52.132,4463000064,85609607.61,,0,1980000000,527000000,0.15609999,2438000000,24094681088,514875008,0,0.47,30.661,1.5427507,57.746,-0.019,15617999872,270513984
AZO,1000,1000,0.920588,1,8751360000,8751360000,,0,3649718016,2408924928,0.5251,7717785000,44345802752,2616325632,0,1.23,-102.774,2.842104,737.93,0.158,15603160064,20634400
BA,900,800,1.405882,1,57741000704,57741000704,,0,52000000,-4883999744,0.06136,5190000000,80350208000,-969875008,0,-5.54,-24.58,1.3159221,103.566,-0.081,61060001792,587699008
BIIB,800,900,0.439705,70.19,7692599808,109596805.9,,0,3923399936,1556099968,0.80789,8872000000,29957357568,2206412544,0,-1.4,71,2.7279346,73.653,-0.042,10981699584,146892992
BIO,800,1000,0.908823,13.785,1403715968,101829232.4,,0,730390976,-101125000,0.57620996,1665661000,14803470336,433225248,0,1.86,512.476,5.112029,96.984,-0.037,2895811072,24836100
BKNG,900,800,1.220098,184.849,11420000256,61780157.08,,0,3065999872,1164999936,0.80124,8780000000,71813177344,3152375040,0,0.4,135.035,6.553493,266.995,1.408,10958000128,41059800
BSX,1300,900,0.830882,57.303,9525000192,166221667.1,,0,3236250112,755000000,0.69618,8241000000,53109374976,,0,2.04,11.554,4.366829,8.537,0.1,12161999872,1424989952
CBRE,800,2200,1.375,46.036,4308587008,93591689.29,,0,2168796928,1836573952,0.22225,6166529000,24634763264,2147492352,0,1.15,24.279,0.8878661,82.766,0.237,27746035712,334665984
CCL,3100,21500,2.07598,351.392,36231999488,103109915.7,,0,-4011000064,-9418999808,-0.09272,-809000000,10083823616,-5010625024,0,-0.99,13.107,2.8769825,3.092,61.423,3504999936,981048000
CDAY,900,800,1.459316,52.826,1176700032,22275016.7,,0,11100000,-75400000,0.4257,436000000,7124664320,137187504,0,7.46,14.698,6.9563212,6.81,0.266,1024200000,151331008
CDNS,1000,2200,1.127941,12.6,347792000,27602539.68,,0,1034236992,744121024,0.89825994,2681238000,41579462656,1014103872,0,2.02,9.494,13.183165,11.549,0.225,3153981952,277140992
CHTR,800,1000,0.935294,598.952,95497003008,159440160.5,,0,20758999040,5049999872,0.45074,23271000000,84003217408,6875375104,0,0.49,94.985,1.6043395,293.349,0.054,52359999488,179291008
CMG,900,800,1.308333,166.574,3554621952,21339596.53,,0,1120268032,684177024,0.37952998,2904063000,36780281856,635197504,0,1.47,82.078,4.69974,278.392,0.16,7826024960,28135400
CNC,1300,1200,0.513235,82.643,22669000704,274300312.2,,0,5330999808,1496999936,0.17058,19574000000,49370185728,4853875200,0,1.37,45.357,0.39736795,213.047,0.215,124000000000,583502976
CPRT,900,800,1.123529,12.847,525414016,40897798.4,,0,1424189056,1090545024,0.49432,1377451000,25772849152,452291264,0,1.09,15.995,8.155624,13.342,0.406,3160132096,237188000
CRL,800,1200,1.228431,113.912,2952598016,25919991.01,,0,899926976,390982016,0.3778,1337470000,10797868032,630665152,0,1.33,48.089,3.0501072,70.391,0.144,3540160000,50464400
CRM,1400,1200,1.091666,24.72,14369999872,581310674.4,,0,3064000000,1444000000,0.73478997,19466000000,163000000000,8617749504,0,2.28,57.982,6.136358,27.74,0.259,26492000256,985000000
CTLT,1000,1400,1.382843,94.488,4233999872,44809921.6,,0,1116000000,561000000,0.34217998,1352000000,18366760960,-134824992,0,1.6,23.51,4.09698,26.14,0.336,4482999808,171188000
CZR,800,900,2.860294,595.001,27018999808,45410007.39,,0,2832999936,-989000000,0.51447,4924000000,8187544064,2562500096,0,-0.61,22.85,0.8554533,45.36,0.635,9571000320,213774000
DAL,900,800,1.204901,1156.804,34600001536,29909994.72,,0,1351000064,517000000,0.12246,2171000000,18541205504,-183000000,0,-0.55,4.086,0.5282846,55.162,1.253,35097001984,640014016
DIS,800,1300,1.155882,52.254,54131998720,1035939808,,0,10560000000,3147000064,0.34341,22287000000,172000000000,5871374848,0,0.61,48.709,2.3508947,40.153,0.343,72988000256,1817660032
DISH,2200,3000,1.996078,144.106,22946158592,159231111.8,,0,3927887104,2410641920,0.34354,6142823000,9481419776,2625321216,0,-0.23,28.282,0.5302479,33.876,-0.024,17881106432,290366016
DLTR,900,800,0.754901,129.174,9970299904,77185036.49,,0,2565299968,1327900032,0.29429,7746100000,35059392512,253162496,0,1.03,32.212,1.3319831,115.495,0.046,26321199104,224956000
DVA,1000,800,1.179411,505.076,11975249920,23709797.97,,0,2451047936,978449984,0.31383,3646383000,8147923968,1080231936,0,0.95,11.145,0.7012709,110.413,0.013,11618796544,101900000
DXC,800,900,2.241666,120.562,6133000192,50870093.33,,0,1922000000,-610000000,0.22539,3835000000,7645364224,656625024,0,0.26,18.919,0.4594018,65.792,-0.046,16641999872,252239008
DXCM,1400,800,0.929411,97.826,2141699968,21892952.47,,0,361100000,195500000,0.67438006,1680500000,7223596544,-199437504,0,3.24,22.044,2.8082247,26.539,0.245,2572300032,96922000
ENPH,900,800,1.25,394.427,1305481984,3309819.013,,0,259260992,165572000,0.39987,554422000,26340218880,206763872,0,2.12,4.804,17.311018,11.289,0.462,1521586944,134912000
EPAM,900,900,1.811274,9.582,239158000,24959089.96,,0,628203008,481652000,0.33912,1274447000,16719803392,486386496,0,1.77,41.248,4.448952,66.503,0.531,3758144000,56719600
ETSY,1400,2200,1.631372,387.498,2435883008,6286182.143,,0,546702976,493507008,0.71899,1674602000,9281637376,531848384,0,0.73,4.218,3.9850504,18.307,0.162,2329114112,126781000
EW,800,800,1.147549,11.774,688200000,58450823.85,,0,1781200000,1538499968,0.76577,3983600000,59367919616,1116862464,0,2.65,8.877,11.0821,8.599,0.102,5357100032,624334016
EXPE,900,1100,1.542156,250.197,8887000064,35520010.49,,0,488000000,-269000000,0.82298,7076000000,14369400832,2238374912,0,0.77,10.585,1.6712493,57.422,1.477,8597999616,146004000
FFIV,1100,800,1.106372,26.524,635825984,23971723.12,,0,538963008,350116992,0.80736,2116627000,9370547200,598413760,0,1.96,38.914,3.5296144,43.864,-0.017,2654835968,61229400
FISV,1000,1400,0.814215,65.553,21070000128,321419311.5,,0,5725000192,1699000064,0.50671,8098000000,58740842496,3042374912,0,0.94,47.873,3.5366874,25.283,0.102,16609000448,660232000
FLT,900,900,1.310784,213.096,6108568064,28665803.51,,0,1477127040,839497024,0.80244005,2273917000,17060637696,1048256896,0,0.87,39.102,6.020546,34.532,0.3,2833735936,81198600
FTNT,1100,1000,1.144117,132.164,1055200000,7984019.854,,0,730200000,606800000,0.76572,2559200000,9250830336,905512512,0,2.52,6.843,2.7678864,20.479,0.288,3342200064,163500000
GM,2900,900,1.203921,165.443,111000000000,670629763.7,,0,14812000256,8848000000,0.13562,18079000000,46111072256,-4605000192,0,1.74,36.1,0.3533172,89.774,0.108,131000000000,1451859968
GNRC,800,900,0.999019,47.707,1083975040,22721509.21,,0,828640000,533392000,0.36393002,1360082000,13285492736,236919744,0,1.29,28.25,3.5549474,59.618,0.402,3737184000,63090000
GOOG,3100,900,1.060784,11.26,28601999360,2540142039,,0,95841001472,74538999808,0.56929,147000000000,1450000000000,52881248256,0,1.19,367.946,5.370619,406.892,0.23,270000000000,317737984
GOOGL,3000,1000,1.060784,11.26,28601999360,2540142039,,0,95841001472,74538999808,0.56929,147000000000,1450000000000,52881248256,0,1.19,367.946,5.3511395,406.892,0.23,270000000000,300809984
HOLX,1400,800,1.122058,64.538,3093100032,47926803.31,,0,2474400000,1552099968,0.69786,4074800000,17423474688,1940199936,0,7.68,16.631,3.2314765,21.224,-0.066,5391799808,251420992
HSIC,900,800,0.716666,26.017,1216680960,46764844.52,,0,1057736000,631232000,0.29612,3672251000,10641842176,499735008,0,2.3,24.854,0.85814244,88.521,0.052,12401020928,138674000
IDXX,800,1000,1.003431,149.425,1031022976,6899936.262,,0,1036624000,744844992,0.58763003,1889432000,29739659264,534410496,0,3.97,8.892,9.249248,37.739,0.111,3215360000,84793600
ILMN,800,1400,0.930882,23.65,2540000000,107399577.2,,0,903000000,762000000,0.71255,3225000000,28815468544,1362375040,0,37.51,67.471,6.366652,30.173,0.258,4526000128,156300000
INCY,800,1400,0.724019,1.603,60429000,37697442.3,,0,659659008,948580992,0.44875,1340078000,16781089792,453309376,0,1.52,14.255,5.6194205,13.548,0.093,2986266880,220891008
IQV,1300,1000,1.457352,218.821,12952000512,59189933.84,,0,2582000128,1079000064,0.33991,4641000000,41453768704,1724875008,0,1.32,30.502,2.9540203,73.462,0.047,14033000448,191040000
ISRG,1300,900,1.169607,1,0,0,,0,2131800064,1643900032,0.68842006,3958500000,71701037056,1468487552,0,4.44,31.945,12.140989,16.536,0.151,5905699840,357236992
IT,800,800,1.581372,890.432,3304020992,3710582.046,,0,1148030976,793560000,0.69495004,3289869000,19887857664,1075493632,0,1.65,4.033,4.201102,55.677,0.174,4733962240,82239000
KEYS,900,1000,1.055882,52.861,2014000000,38099922.44,,0,1420999936,951000000,0.63181,3069000000,25232340992,844374976,0,1.83,20.774,5.0353904,27.197,0.059,5010999808,183042000
KMX,1200,1000,1.45147,371.129,19430225920,52354372.52,,0,1804792960,1151297024,0.12317,4089049000,14646178816,-1228419712,0,0.95,31.567,0.44118702,204.404,0.47,33197211648,161872000
LUV,800,1300,1.009803,117.51,12241000448,104169861.7,,0,1017000000,583000000,0.19363001,2172000000,21380149248,539750016,0,-0.83,17.317,1.1599473,31.122,1.288,18432000000,591920000
LVS,800,800,1.332352,665.614,14963000320,22479996.39,,0,181250000,-1315000064,0.67670995,2828000000,25662425088,,0,-0.19,2.751,6.446226,5.211,-0.212,3980999936,763990016
LYV,800,1100,1.27696,2052.598,7460516864,3634670.239,,0,-9524000,-670675008,0.30509,1912458000,18552422400,1958158336,0,1.57,-1.838,2.959652,28.861,10.387,6268447232,224660000
MHK,800,800,1.507352,36.596,3032925952,82875886.76,,0,1942487808,1041681024,0.28488,3288830000,8404913152,,0,1.06,128.588,0.7278714,171.124,0.13,11547249664,67732400
MNST,1000,800,1.141176,0.341,22380000,65630498.53,,0,1852921984,1377474944,0.56097,3108513000,49051185152,877277504,0,2.14,11.802,8.851845,10.48,0.191,5541351936,529139008
MOH,900,800,0.783333,85.576,2391000064,27940077.4,,0,1212000000,689000000,0.12116,3280000000,16329223168,1012124992,0,0.87,43.414,0.5788247,487.447,0.194,28210999296,58400000
MRNA,1000,800,1.544791,6.476,916000000,141445336.6,,0,13528000512,12202000384,0.75053,13863000000,57918533632,9292749824,0,-0.03,24.998,3.1356468,45.834,11.629,18471000064,405449984
MTCH,800,800,,1,4053498880,4053498880,,0,929139968,277214016,0.71945,2146329000,19728193536,1047089728,0,1.96,-0.247,6.612927,10.848,0.237,2983277056,283084992
MTD,800,800,1.077941,1050.773,1801245952,1714210.35,,0,1073793024,768985024,0.58407,2171553000,26405283840,667710720,0,1.77,6.925,7.1021466,160.742,0.106,3717929984,22985700
NCLH,1000,1400,2.585784,540.651,13152153600,24326513.04,,0,-1794136960,-4506587136,-1.4815899,-960051000,4635838976,-2111930112,0,0.36,7.792,7.1542273,1.773,49.886,647985984,416892000
NFLX,900,1300,0.969607,98.606,17299574784,175441401,,0,6453552128,5006960128,0.41619998,12365161000,77459013632,16208525312,0,1.29,34.574,2.5477986,68.569,0.098,30402328576,442952000
NOW,800,800,1.036274,55.216,2207000064,39970299.62,,0,714000000,223000000,0.77261,4543000000,94628478976,2467500032,0,2.21,17.759,15.1212015,31.454,0.266,6257999872,199000000
NVR,800,1000,1.021078,58.326,1589730944,27255956.93,,0,1914795776,1414056960,0.25566998,2116741000,13945417728,,0,1.82,858.901,1.499013,2651.202,0.165,9303066624,3482750
ON,900,800,1.710294,71.071,3272399872,46044094.95,,0,1981799936,1009600000,0.40273,2714300000,21675257856,902087488,0,0.52,9.572,3.2160091,15.832,0.276,6739800064,430833984
ORLY,800,900,1.021078,1,5861561856,5861561856,,0,3239576064,2144956032,0.52371,7019949000,42566979584,1945591296,0,1.91,-2.081,3.1454964,198.968,0.066,13532675072,67378400
PAYC,800,800,1.479901,6.721,60067000,8937211.724,,0,284288992,195960000,0.87639,925049000,16814427136,211896256,0,1.93,14.231,15.929934,18.235,0.29,1055523968,60025800
PENN,800,1100,2.393627,283.252,11605099520,40970935.85,,0,1450800000,418700000,0.49741,2937200000,5156615680,603987520,0,0.07,19.459,0.87326264,37.209,0.531,5904999936,169514000
PTC,900,900,1.261274,70.516,1469536000,20839752.68,,0,507324000,479913984,0.79605,1436057000,12534508544,,0,1.73,17.399,6.669878,16.047,0.094,1879271040,117872000
PYPL,800,1000,1.289705,48.668,10026999808,206028598,,0,4888999936,3580999936,0.45378,11921000000,82057109504,1773624960,0,1.25,18.816,3.1779215,22.041,0.075,25820999680,1174930048
QRVO,800,1800,1.368137,43.875,2047721984,46671726.13,,0,1644587008,1119815040,0.493,1883566000,10396233728,668929984,0,0.76,42.8,2.283739,40.813,0.017,4552286208,110223000
RCL,1000,800,2.514705,427.801,21756067840,50855579.67,,0,-2495454976,-5260498944,-0.70703006,-1083258000,8894718976,-2154424832,0,-0.16,25.384,5.8054485,6.084,27.773,1532132992,254790000
REGN,800,1000,0.209313,14.384,2699699968,187687706.3,,0,9233000448,8075299840,0.66739,10726100000,63571894272,4279237376,0,-0.87,163.522,3.9555175,152.05,1.044,16071700480,105720000
SEDG,800,900,0.95196,54.632,715705984,13100490.26,,0,248024000,169170000,0.32044998,629318000,14373536768,-99056376,0,1.09,23.65,7.3190045,37.62,0.541,1963864960,52519500
SIVB,1300,1300,1.82549,1,3044000000,3044000000,,0,,1710000000,0,5764000000,23180935168,,0,1.54,208.53,3.8848557,103.922,0.147,5967000064,58687400
SNPS,900,1100,1.167647,10.771,580604992,53904464.95,,0,1141699968,908857984,0.80888003,3390877000,46599122944,1229830400,0,2.04,34.595,10.345872,29.462,0.309,4504126976,153438000
TDG,800,900,1.464705,1,20116000768,20116000768,,0,2155000064,746000000,0.54382,2549000000,29650425856,822374976,0,1.4,-52.821,6.070931,82.05,0.078,4883999744,55248900
TDY,900,800,1.093137,52.753,4131800064,78323508.88,,0,1179750016,573200000,0.40919,1843800000,17500831744,,0,0.93,158.971,3.411734,112.43,0.64,5129600000,46655200
TMUS,900,1000,0.507843,162.218,114000000000,699762048.6,,0,26454999040,2804000000,0.57114,45546000000,168000000000,5292624896,0,0.77,54.784,2.0880873,64.44,0.018,80479002624,1249049984
TRMB,1000,900,1.580392,36.748,1449600000,39447044.74,,0,773200000,492700000,0.58009,2122600000,14616196096,637037504,0,2.2,15.465,3.9944785,14.555,0.116,3659099904,251008000
TSLA,1000,1100,2.079411,19.841,7024999936,354064812.1,,0,12702000128,8403999744,0.27096,13606000000,676000000000,7054624768,0,1.49,26.945,10.8745575,61.927,0.805,62189998080,1004259968
TTWO,900,1100,0.635294,6.66,244126000,36655555.56,,0,838025984,525862016,0.60844004,1876760000,14127709184,844638272,0,1.57,31.767,4.137894,29.572,0.049,3414226944,115300000
TWTR,800,900,0.80147,112.219,6626464768,59049401.33,,0,546526016,223872000,0.633,3279972000,29897416704,168565744,0,0.26,8.987,5.7029495,6.608,0.159,5242447872,799609984
TYL,800,800,0.77549,57.451,1371771008,23877234.65,,0,344784000,164466000,0.43217,709644000,13623800832,359494880,0,4.68,53.742,7.7690783,42.733,0.547,1753592960,40976300
UAL,3100,1800,1.392647,1111.976,40298000384,36239991.14,,0,-415000000,-1984000000,0.19307,3265000000,11469243392,2465125120,0,-0.51,16.772,0.39577776,89.441,1.349,28978999296,323807008
ULTA,900,800,1.65196,120.281,1846755968,15353679.87,,0,1561005056,985836992,0.43535998,3757531000,20862255104,763609024,0,0.46,36.677,2.4171617,158.417,0.241,8630889472,54120200
URI,1000,800,1.839215,166.223,10113000448,60839958.66,,0,2891000064,1550000000,0.40882,3890000000,17585324032,1378499968,0,0.43,75.739,1.7269295,140.571,0.227,10183000064,72394400
VRSN,1200,800,0.917156,1,1786300032,1786300032,,0,929443008,791929984,0.85517997,1135643000,18586681344,625532992,0,3.52,-12.738,13.758984,12.138,0.072,1350876032,111078000
VRTX,1100,900,0.612745,9.578,967400000,101002296.9,,0,2904600064,2342099968,0.47781,3619100000,71645675520,1706437504,0,1.57,37.199,9.458924,29.392,0.273,7574400000,254252000
WAT,800,1000,0.891176,437.15,1606761984,3675539.252,,0,958425024,692843008,0.58486,1629341000,20201795584,405574368,0,2.43,4.826,7.251511,45.244,0.063,2785873920,61036300
WBD,1300,4000,1.12696,106.172,14398999552,135619556.5,,0,3848999936,1194000000,0.61124,7576000000,,7167374848,0,4.73,,,21.579,0.131,12558000128,
WDC,800,1400,1.587745,59.763,7161999872,119840032.7,,0,3615000064,1820999936,0.31879,4446000000,13970060288,1332375040,0,0.35,36.531,0.7281762,61.837,0.059,19185000448,311623008
WYNN,1400,3000,2.308823,1,12126173184,12126173184,,0,335859008,-755785984,0.54082,2035483000,6590192640,-188008880,0,0.24,-0.464,1.7510046,33.084,0.519,3763663872,115658000
ZBRA,800,800,1.614215,38.907,1160999936,29840386.97,,0,1198000000,837000000,0.46703,2628000000,15709129728,842750016,0,1.71,52.681,2.7917416,105.283,0.122,5626999808,53441500
BF.B,,,,1,,0,,0,,,,,,,,,,,,,,
BRK.B,,,,1,,0,,0,,,,,,,,,,,,,,
ELV,800,800,,1,,0,,0,,,,,,,,,,,,,,
META,900,1100,,1,,0,,0,,,,,,,,,,,,,,
PEG,,,,1,,0,,0,,,,,,,,,,,,,,
A,800,800,1.055807,59.918,3068999936,51219999.6,0.0071,0.71,1846000000,1263000064,0.53976,3407000000,35477549056,868750016,0.19520001,1.78,17.155,5.4355063,21.648,0.054,6527000064,298708000
AAP,800,800,1.228675,136.984,3985797888,29096813.41,0.0347,3.47,1096417024,569969024,0.44836,4931356000,10496142336,220026000,0.5,0.84,48.048,0.95058006,175.486,0.013,11041828864,60639800
AAPL,1000,800,,178.016,120000000000,673989978.4,0.0063,0.63,131000000000,102000000000,0.43322,153000000000,2240000000000,83916750848,0.14310001,2.34,3.841,5.81084,23.471,0.086,386000000000,16406400000
ABBV,900,800,0.811252,451.44,73647996928,163140166.9,0.0366,3.66,28444000256,12407000064,0.69778997,38883000000,271000000000,19238250496,0.7618,5.84,9.216,4.771275,32.039,0.041,56725000192,1767110016
ABC,1100,900,0.463725,1328.998,7988889088,6011212.273,0.012,1.2,3351326976,1614192000,0.03339,6774434000,29446653952,1954166528,0.2198,1.29,1.073,0.13318186,1068.705,0.135,221000000000,208132992
ABT,1000,800,0.720961,48.062,17123999744,356289787,0.0176,1.76,13479999488,7695000064,0.58099,25009000000,190000000000,7537500160,0.42229998,1.78,20.217,4.2737036,25.131,0.138,44514000896,1750940032
ACN,800,1100,1.240471,15.849,3488608000,220115338.5,0.0139,1.39,10042649600,6628289024,0.32257,16364128000,176000000000,6171557376,0.3676,2.06,33.819,2.9496257,94.123,0.218,59589931008,632547968
ADI,800,1100,1.095588,16.709,6253575168,374263879.8,0.019199999,1.9199999,3448051968,1281980032,0.61025,4525012000,76745605120,2341289984,0.9356,1.24,72.321,9.088643,19.346,0.722,8444121088,525331008
ADM,800,900,0.756352,58.675,14092000256,240170434.7,0.0207,2.07,4211000064,3073999872,0.0704,5987000000,43666137088,-628374976,0.27809998,1.65,42.135,0.48514694,159.373,0.252,90006003712,562707968
ADP,800,1000,0.827132,82.008,3438500096,41928837.38,0.0198,1.98,4220600064,2861600000,0.44897,6768100000,87743578112,4488775168,0.5811,2.08,10.026,5.4473405,38.29,0.1,16107599872,417747008
AEE,800,800,0.365196,138.488,13612000256,98290106.41,0.0253,2.53,2620999936,990000000,0.48880002,2991000000,23277279232,-1874249984,0.5744,3.54,37.597,3.8040986,23.874,0.166,6119000064,257606000
AEP,800,1000,0.35245,157.678,37902700544,240380398.9,0.0313,3.13,6635599872,2627800064,0.46469003,7656200000,47623659520,-4440175104,0.5824,3.18,44.24,2.7844393,34.019,0.073,17103500288,496390016
AES,900,2900,0.997731,423.151,20252000256,47859984.39,0.0298,2.98,3476000000,-150000000,0.22689,2711000000,14031737856,-968249984,,1.58,3.303,1.2354057,17.041,0.082,11358000128,667859968
AFL,800,1000,0.950998,34.484,10181999616,295267359.2,0.028800001,2.8800001,5272999936,4064000000,0.40774,9104000000,35641651200,2494874880,0.22790001,3.25,45.754,1.6570576,32.402,-0.102,21508999168,644164992
AIG,900,900,1.297058,45.497,31352999936,689122358.3,0.0219,2.19,15806999552,9358999552,0.37523997,19531000000,42453135360,13875125248,0.1107,0.37,77.026,0.8156379,60.924,0.504,52048998400,830297984
AIZ,800,800,0.593627,41.223,2263000064,54896539.89,0.015,1.5,1088800000,608800000,0.114029996,1161700000,9848423424,3413675008,0.2582,0.83,99.809,0.96670693,172.26,0.067,10187599872,56976700
AJG,800,800,0.715196,72.073,6517600256,90430539.26,0.0126,1.26,2119474944,963400000,0.39115003,2942300000,33794603008,,0.43330002,1.95,40.623,4.097358,39.983,0.13,8247900160,207278000
ALB,1000,800,1.528584,43.769,2641511936,60351206.01,0.0076,0.76,939081024,281377984,0.32919997,1008471000,24474273792,-132979000,0.6603,0.26,49.752,6.748928,31.006,0.36,3626394112,117113000
ALL,1100,800,0.806862,33.601,8442999808,251272277.8,0.026500002,2.6500002,8085000192,5078000128,0.27613002,13969000000,36330450944,21408124928,0.2892,2.62,85.969,0.71816343,171.601,0.187,50588000256,286676000
ALLE,800,1100,1.031306,207.087,1542800000,7450008.933,0.0168,1.68,599200000,468000000,0.41312,1204900000,8639126528,303350016,0.286,1.99,8.446,2.982403,32.447,0.042,2896699904,87804896
AMAT,900,800,1.40245,48.419,5757000192,118899609.5,0.0088,0.88,8163999744,6550000128,0.47675,10926000000,80836919296,4192875008,0.1309,0.84,13.73,3.344238,26.754,0.215,24171999232,888513024
AMCR,21500,3000,0.414751,157.955,7137999872,45190084.97,0.0376,3.76,2098000000,947000000,0.20031999,2732000000,19057303552,737750016,0.7661,2.02,3.041,1.4025098,8.864,0.13,13587999744,1533170048
AME,1200,1000,1.309313,39.592,2720695040,68718302.69,0.0073,0.73,1600781952,990052992,0.34483,1912614000,25420302336,825064640,0.183,-18.41,28.351,4.583113,24.016,0.254,5546513920,231324992
AMGN,900,1000,0.590686,4023.362,36854001664,9160001.428,0.0319,3.19,12892000256,5722999808,0.75205004,19525000000,137000000000,7442625024,0.71269995,1.98,14.543,5.2075777,46.763,0.057,26315999232,563265984
AMP,1200,800,1.508333,50.499,2529999872,50099999.45,0.0191,1.91,4654499840,3084000000,0.59069,7588000000,26594015232,,0.174,0.39,50.775,1.9348137,118.722,0.09,13745000448,111890000
AMT,1100,1200,0.477941,564.529,52222898176,92507024.75,0.0241,2.41,6052599808,2634400000,0.70512,6674900000,116000000000,4578749952,0.688,3.76,11.882,11.806756,21.698,0.232,9858700288,455414016
AON,900,800,0.9,872.889,11269000192,12910003.67,0.008,0.8,3936000000,1364999936,0.45096,5476000000,59419131904,2811875072,0.32479998,1.46,9.977,4.815945,55.639,0.041,12337999872,220332000
AOS,1100,1000,1.147005,18.287,330800000,18089353.09,0.020299999,2.0299999,720800000,509200000,0.36394,1310900000,8530463232,336412512,0.3396,1.92,11.595,2.276247,23.602,0.271,3747599872,130036000
APA,1800,3000,4.42549,1,7760999936,7760999936,0.012200001,1.2200001,4470000128,973000000,0.63302,5080000000,,2259500032,0.0339,0.16,,,21.457,0.905,8024999936,
APD,1200,800,0.873411,51.963,7540199936,145107094.2,0.026700001,2.6700001,3681799936,2174899968,0.28122,3136900000,53331968000,-14762500,0.6264,1.92,62.925,4.6843653,51.33,0.177,11385100288,221772992
APH,800,800,1.260784,75.844,4932499968,65034807.87,0.0114,1.14,2703500032,1665500032,0.31445998,3401800000,38501044224,863462528,0.2594,2.57,9.95,3.3622136,19.154,0.242,11451100160,598028032
ARE,900,1200,0.857531,53.066,10709064704,201806518.4,0.0359,3.59,1376329984,405641984,0.70465,1502850000,23671506944,1078066048,1.6099,-11.21,104.889,10.481984,14.844,0.273,2258304000,163218000
ATO,800,800,0.469607,96.225,7976602112,82895319.43,0.0241,2.41,1358946944,696614016,0.48224998,1695754000,14876230656,-3235320576,0.48790002,2.61,59.711,4.2433248,26.672,0.107,3505796096,132705000
ATVI,3200,800,0.553539,20.234,3608000000,178313729.4,0.0063,0.63,3127000064,2475000064,0.73264,6486000000,60877258752,1775624960,0.1492,2.67,22.812,7.3381457,10.66,-0.223,8296000000,781881024
AVB,800,1100,0.935784,72.901,8005032960,109806902,0.0307,3.07,1423403008,1122019968,0.63402003,1455149000,27144687616,,0.791,18.86,77.382,11.435573,17.022,0.114,2373705984,139740992
AVGO,1200,800,1.02696,171.806,39504998400,229939573.7,0.0279,2.79,15685000192,7530999808,0.74481004,20288000000,201000000000,11898125312,0.84949994,1.09,60.441,7.037588,69.303,0.158,28501000192,412873984
AVY,1200,800,1.02745,169.143,3268699904,19325067.57,0.0172,1.72,1280999936,728800000,0.27073,2312800000,13402123264,442275008,0.31190002,2.54,21.721,1.5393592,105.308,0.145,8706299904,82795600
AWK,1300,900,0.411274,144.852,10805999616,74600279.02,0.0179,1.79,1927000064,1288000000,0.55664,2153000000,27007408128,239124992,0.33990002,3.95,37.822,6.9535036,21.311,-0.052,3884000000,181538000
AXP,800,800,1.094607,181.374,40597000192,223830318.5,0.013099999,1.3099999,,7779999744,0.69065005,30799000000,107000000000,,0.1808,1.12,31.396,2.3428679,58.962,0.208,45828001792,774556032
BAC,2200,1200,1.389215,1,585000000000,5.85E+11,0.0239,2.39,,29596999680,0,93707000000,255000000000,,0.2308,0.68,30.217,2.7625175,11.042,-0.06,92223995904,8184079872
BALL,1000,800,0.499019,221.357,8157000192,36849976.25,0.0115,1.15,2132999936,878000000,0.19738,2726000000,,-116125000,0.2193,,,,42.366,0.184,13811000320,
BAX,1100,800,0.595588,200.745,18310000640,91210245.04,0.0159,1.59,2998500096,1057000000,0.41521,5250000000,32159512576,,0.5359,1.38,17.517,2.3742719,27.009,0.258,13544999936,500692992
BBWI,1200,1200,1.749509,1,6013000192,6013000192,0.015700001,1.5700001,2372000000,1075000064,0.48909,3855000000,6937903616,600124992,0.1142,0.72,-6.446,0.88022125,29.301,0.114,7881999872,257723008
BBY,900,1100,1.522058,130.397,3937999872,30200080.31,0.040799998,4.0799998,3879000064,2454000128,0.22476,11634000000,15682171904,1825624960,0.2846,1.18,17.547,0.30297273,209.729,-0.034,51761000448,240560992
BDX,800,1000,0.65245,72.119,17423998976,241600673.6,0.014,1.4,5266999808,1676000000,0.46673,9576000000,70271655936,3192375040,0.53540003,6.94,83.223,3.5262773,69.24,-0.06,19928000512,285043008
BEN,3000,3200,1.174509,29.477,3884999936,131797670.6,0.0462,4.62,2523099904,1856700032,0.42512,3539200000,11696841728,-720300032,0.3065,-11.54,22.366,1.3515487,17.677,0.115,8654399488,501795008
BK,1000,900,1.107352,1,65346998272,65346998272,0.0313,3.13,,3391000064,0,16162000000,34444992512,,0.33,1.23,47.298,2.1418352,19.291,-0.02,16081999872,825820992
BKR,1400,1200,1.492156,40.646,6685000192,164468833.1,0.0226,2.26,2769999872,305000000,0.20243,4049000000,25115977728,1534875008,1.7142999,0.54,16.463,1.2218914,23.532,0.011,20554999808,869968000
BLK,800,1100,1.232352,23.994,9331999744,388930555.3,0.0317,3.17,8122749952,6137999872,0.50582004,9818000000,92523520000,,0.4339,2.08,242.236,4.702593,129.417,0.068,19675000832,151916992
BMY,1100,1200,0.535784,126.634,45596000256,360061281,0.028499998,2.8499998,21133250560,6250999808,0.80127996,37048000000,171000000000,,0.73050004,2.28,16.765,3.639529,21.36,0.052,46960001024,2219640064
BR,1000,800,0.962254,254.327,4445899776,17481037.31,0.0184,1.84,1116899968,539800000,0.27989,1422900000,16618193920,843774976,0.5343,1.81,15.081,3.09239,46.267,0.194,5373899776,116578000
BRO,800,1000,0.741176,85.929,3725299968,43353233.11,0.0071,0.71,1038046976,607704000,0.46925998,1413388000,16476791808,461346496,0.1822,1.82,14.544,5.2477217,11.113,0.11,3139799040,282427008
BWA,800,1800,1.416666,62.269,4521999872,72620402.96,0.0177,1.77,2220999936,537000000,0.19240999,2855000000,8001158144,754499968,0.24200001,0.48,27.718,0.5392343,62.318,-0.069,14837999616,239771008
BXP,800,1100,1.108333,166.13,13345591296,80332217.52,0.0348,3.48,1675122048,496223008,0.63738996,1826695000,13899299840,959696512,1.1231999,5.1,36.598,4.8499236,18.357,0.118,2865880064,156207008
C,1000,2900,1.667647,1,489000000000,4.89E+11,0.0428,4.28,,17169000448,0,74990000000,91256578048,,0.23889999,-0.7,92.165,1.2541963,36.282,-0.091,72760999936,1984269952
CAG,1800,800,0.756372,103.444,9158200320,88532929.12,0.0348,3.48,2053400064,1038800000,0.2557,3216300000,16424586240,619937472,0.564,17.73,17.839,1.4451394,23.655,0.051,11365399552,479689984
CAH,900,900,0.921078,563.174,5642999808,10019993.48,0.0357,3.57,2564000000,555000000,0.03936,6975000000,14729059328,859374976,,2.89,4.905,0.085991025,596.815,0.094,171000000000,281788000
CARR,900,1000,0.885856,121.83,9052000256,74300256.55,0.0153,1.53,2904999936,2659000064,0.28705,6008000000,30902421504,1534125056,0.1689,1.43,7.962,1.5024514,23.814,-0.01,20568000512,866585024
CAT,800,1800,,219.828,37583998976,170970026.5,0.0217,2.17,10552999936,6496000000,0.25370002,13189000000,96698793984,4876499968,0.36580002,0.67,30.807,1.8358324,97.358,0.143,52672999424,540942016
CB,800,1100,0.765686,35.35,20042999808,566987264.7,0.0155,1.55,7998000128,8213000192,0.27874002,11443000000,84675067904,9355249664,0.1703,0.81,137.668,2.0846686,93.636,-0.034,40618000384,430740992
CBOE,1000,800,0.659803,49.107,1751800064,35673123.26,0.0176,1.76,1011500032,499700000,0.44201002,1476100000,12070921216,783449984,0.29549998,3.77,32.792,3.4902186,32.375,-0.036,3458500096,106643000
CCI,900,900,0.575,343.193,27579000832,80360033.08,0.033299997,3.3299997,3806000128,1458000000,0.69077003,4347000000,72774344704,1396625024,1.6667,3.36,19.704,11.03143,15.262,0.173,6597000192,432203008
CDW,1000,1200,1.109803,1065.991,7522699776,7057001.209,0.0118,1.18,1664499968,988600000,0.17139,3568500000,21384517632,549699968,0.2486,1.31,6.145,1.0270748,150.331,0.117,20820799488,135723008
CE,1000,1300,1.291666,85.988,4259000064,49530167.74,0.0191,1.91,2627000064,2091000064,0.31713,2682000000,12804318208,612000000,0.1444,-2.43,35.895,1.380222,84.419,0.412,9276999680,108871000
CEG,1100,3200,,77.26,8972999680,116140301.3,0.010299999,1.0299999,3807000064,-205000000,0.1397,2745000000,,1949874944,0,,,,,0.277,19648999424,
CF,900,800,1.027941,61.564,3716000000,60359950.62,0.0154,1.54,3126000128,917000000,0.3651,2387000000,18386944000,2180750080,0.1548,0.08,13.716,2.8123195,30.409,1.305,6537999872,214475008
CFG,1400,1300,,1,6553999872,6553999872,0.041100003,4.1100003,,2014000000,0,7058000000,15211077632,,0.3305,-3.14,50.232,2.2041845,16.348,-0.087,6901000192,426200000
CHD,1000,1100,0.431372,70.936,2413900032,34029266.27,0.0107,1.07,1170700032,811200000,0.43158,2263500000,23165001728,752312512,0.31190002,4.16,14.341,4.4137263,21.488,0.047,5248399872,250000000
CHRW,900,1000,0.777941,118.28,2478565120,20955065.27,0.0208,2.08,1267657984,941288000,0.07007,1608479000,13176782848,-74272872,0.2994,2.02,14.963,0.5246741,191.012,0.419,25114222592,129987000
CI,800,1000,0.856862,72.62,34264999936,471839712.7,0.0173,1.73,10152999936,5365000192,0.13289,23159000000,87337902080,1367500032,0.2557,1.02,143.075,0.5011528,515.662,0.093,174000000000,331428000
CINF,1100,1200,0.645098,7.36,890000000,120923913,0.0219,2.19,2694000128,2052999936,0.3133,3827000000,19172554752,1952749952,0.2051,1.56,73.501,2.2247105,53.578,-0.454,8618000384,161140992
CL,800,900,0.607352,1044.918,7607000064,7279997.152,0.024,2.4,4224000000,2044000000,0.58994997,10375000000,67545919488,1997124992,0.7469,6.17,0.701,3.8650675,20.731,0.013,17475999744,842849024
CLX,1000,900,0.205882,657.434,3228000000,4909998.57,0.0293,2.93,933000000,247000000,0.37712002,3199000000,17321224192,367000000,1.2372,-7.03,2.995,2.4465005,57.124,-0.082,7080000000,122863000
CMA,800,800,1.371078,1,2977999872,2977999872,0.0357,3.57,,979000000,0,3351000000,9623712768,,0.3731,-0.97,56.554,3.0387473,23.857,-0.206,3167000064,131149000
CMCSA,3000,1300,0.931862,103.342,99730997248,965057742.7,0.025999999,2.5999999,35337998336,14378999808,0.66635,77935000000,179000000000,12694875136,0.32799998,0.85,20.964,1.491675,26.333,0.14,120000000000,4559479808
CME,1400,800,0.434803,12.392,3437100032,277364431.2,0.02,2,3122050048,2744699904,1,4679300000,73568976896,,0.48430002,3.3,76.084,15.414864,13.314,0.077,4772599808,359396000
CMI,800,1000,1.041666,49.271,4632000000,94010675.65,0.028800001,2.8800001,2968999936,2131000064,0.23708001,5695000000,27680983040,923374976,0.42349997,1.37,56.505,1.1523659,166.12,0.003,24021000192,143032000
CMS,1000,800,0.257843,173.901,12499999744,71879976.22,0.026500002,2.6500002,2287000064,746000000,0.36103,2646000000,19554547712,-896875008,0.65610003,2.81,20.249,2.6681058,25.36,0.177,7328999936,289696992
CNP,4000,2900,0.946568,171.429,16140000256,94149766.12,0.0219,2.19,2472999936,573000000,0.38397998,3207000000,18601854976,-4225374976,0.4889,-28.09,12.841,2.2272336,14.086,0.127,8352000000,628865984
COF,1100,1000,1.510294,1,45357998080,45357998080,0.020599999,2.0599999,,11048999936,0,32379000000,44345556992,,0.0861,-0.84,133.911,1.3884454,74.199,-0.055,31939000320,425622016
COO,800,900,0.85098,51.056,3536199936,69261202.13,0.0002,0.02,924499968,938899968,0.6777,1985200000,15470632960,464675008,0.0032,2.26,140.807,5.107168,61.475,0.157,3029199872,49408000
COP,1800,800,1.420588,45.371,20600999936,454056554.5,0.0187,1.87,20018999296,8079000064,0.49155998,22936000000,118000000000,10509124608,0.2348,0.54,33.447,2.5386817,35.237,1.771,46660001792,1318950016
COST,800,800,0.669117,46.285,9246000128,199762344.8,0.0072,0.72,9905000448,5512999936,0.12654,25245000000,213000000000,5451125248,0.2546,3.15,41.636,1.0109842,474.195,0.159,210000000000,443432000
CPB,1000,800,0.472549,156.921,5260000256,33520053.12,0.0293,2.93,1719000064,927000000,0.31486,2814000000,14498509824,911124992,0.48680001,21.42,10.712,1.7463876,27.445,-0.031,8302000128,301737984
CPT,800,800,0.787745,85.647,3671309056,42865588.47,0.025799999,2.5799999,684422976,352760000,0.62182,717242000,13743452160,,1.0058999,2.71,37.265,11.338687,11.717,0.173,1212084992,102197000
CSCO,4000,3000,0.946568,31.927,12609999872,394963506.5,0.0307,3.07,15989999616,11825000448,0.63300997,31894000000,180000000000,10487374848,0.5305,1.97,10.126,3.488698,12.247,0.064,51548999680,4217609984
CSX,1800,4000,1.22745,127.412,16812000256,131949896.8,0.012,1.2,6819999744,3934000128,0.51974,6643000000,64454496256,2769499904,0.2155,1.29,5.935,4.9119415,5.894,0.213,13121999872,2217979904
CTAS,1000,800,1.517647,93.543,3081231104,32939194.85,0.0101,1.01,1831447040,1202596992,0.46550998,3314651000,38721613824,1071163136,0.3186,2.71,34.372,5.084623,73.32,0.103,7615434752,103664000
CTRA,3200,900,-0.189215,29.377,3463000064,117881337.9,0.0201,2.01,2364999936,1155000064,0.77684,2851000000,20982177792,1148249984,0.18200001,0.09,5.82,5.7172146,7.296,4.191,3670000128,813577984
CTSH,1400,2900,1.105392,13.802,1655000064,119910162.6,0.0147,1.47,3348000000,2136999936,0.37359002,6914000000,35860070400,1801750016,0.2374,1.55,21.992,1.937649,35.118,0.142,18506999808,525252000
CTVA,2200,800,0.706639,6.151,1576000000,256218501.1,0.0104,1.04,3878000128,1812000000,0.41105,6435000000,39463133184,3362125056,0.22729999,1.23,33.878,2.5208006,21.273,0.085,15655000064,728908992
CTXS,800,900,0.030882,648.57,3549347072,5472573.619,0.0149,1.49,575734016,307499008,0.83411,2683488000,12119333888,881596224,0.50450003,8.82,3.208,3.767079,25.921,0.051,3217169920,124723000
CVS,900,800,0.786764,100.82,75999002624,753808794.1,0.0226,2.26,18289000448,7910000128,0.17479,50849000000,122000000000,14571249664,0.3411,2.05,56.251,0.42045966,220.555,,291000000000,1320060032
CVX,800,1100,1.078947,19.941,29333000192,1470989428,0.0399,3.99,38521999360,20507000832,0.40935,66234000000,284000000000,21073375232,0.5113,0.35,74.419,1.6085658,92.025,0.683,177000000000,1964809984
D,800,900,0.421568,151.725,41433001984,273079597.9,0.0319,3.19,7194999808,2579000064,0.48754,6808000000,64638754816,-3846000128,0.91010004,3.1,30.27,4.628957,17.286,0.102,13964000256,809907968
DD,900,800,1.208333,41.615,11256999936,270503422.7,0.020599999,2.0599999,4099000064,1756000000,0.35129002,5850000000,28796221440,11908875264,0.4086,1.25,51.405,1.7291913,30.685,0.139,16652999680,518104000
DE,800,800,1.010784,268.357,47788998656,178079940.7,0.0115,1.15,8246000128,5641999872,0.26485002,12188000000,92059181056,446000000,0.21620001,1.06,59.828,2.072798,143.233,0.05,44413001728,307407008
DFS,900,900,1.567647,127.537,17132000256,134329647.5,0.0229,2.29,,5009999872,0.95496005,11369000000,27719129088,,0.1141,0.12,41.413,2.4194055,38.903,-0.13,11457000448,293076000
DG,1100,1300,0.591176,227.505,14246336512,62619883.13,0.0095,0.95,3864591104,2399232000,0.31598,10813006000,56869920768,1302849152,0.16520001,1.87,26.714,1.6618695,146.078,0.028,34220449792,231706000
DGX,900,1400,1.104901,71.816,4663000064,64929821.54,0.0194,1.94,2703000064,1874000000,0.38449,4243000000,16313321472,1439874944,0.16790001,-1.08,51.967,1.5276076,87.893,-0.04,10679000064,122675000
DHI,800,1000,1.648529,33.369,5712000000,171176840.8,0.013099999,1.3099999,6624000000,5032399872,0.28728,7444600000,23575621632,-1754987520,0.061,0.4,41.814,0.77433455,85.355,0.241,30446299136,356180992
DHR,800,900,0.779901,49.346,22877999104,463624186.4,0.004,0.4,10492000256,6206000128,0.60869,18056000000,181000000000,5650874880,0.1033,2.11,56.239,5.98222,42.332,0.121,30282999808,714577024
DLR,800,1100,0.341666,86.901,15860724736,182514870.2,0.0372,3.72,2282226432,1372193024,0.62485003,2791645000,36844068864,,0.97110003,4.46,58.279,8.102789,16.049,0.113,4547084800,283787008
DOV,800,800,1.382352,71.491,3095401984,43297785.51,0.0151,1.51,1597180032,1117202048,0.37085998,2982681000,17468258304,576972480,0.2594,1.19,27.029,2.1589522,56.187,0.099,8091081216,143984992
DOW,1200,900,1.483339,82.193,15966000128,194250120.2,0.0418,4.18,11921000448,6854000128,0.20255,10777000000,38171480064,4198749952,0.3053,0.14,22.226,0.65418136,78.74,0.285,58349998080,739614016
DPZ,1000,1200,0.619117,1,5277476864,5277476864,0.0129,1.29,809545024,483670016,0.27207002,1208741000,14169971712,374966880,0.3006,2.56,-112.88,3.2315943,120.055,0.028,4384823808,36360300
DRE,800,800,0.730392,58.908,3731564032,63345624.23,0.0209,2.09,688286976,1021142016,0.7424,805141000,20927707136,540115136,0.3978,11.17,15.629,18.888863,2.916,-0.036,1107938944,380849984
DRI,800,1200,1.406372,257.004,5874599936,22858009.74,0.0344,3.44,1486899968,1042000000,0.21448,1493500000,14681279488,447500000,0.5245,0.58,19.683,1.5775634,71.947,0.413,9306300416,129785000
DTE,800,800,0.662745,209.789,18602000384,88670046.49,0.0273,2.73,2692999936,873000000,0.2193,3336000000,24554897408,-1625250048,0.8214,6.19,44.222,1.5385274,82.802,0.278,15960000512,193727008
DUK,1200,1000,0.348039,133.761,68400001024,511359821.1,0.036,3.6,11507000320,3791000064,0.49463,12206000000,82481258496,-2892499968,0.8235,3.39,61.567,3.3424346,32.09,0.08,24676999168,769342976
DVN,800,1300,2.784803,71.922,6760000000,93990712.16,0.0739,7.39,5506999808,2783000064,0.56522,7414000000,37309468672,2805625088,0.4991,0.43,13.182,2.8443599,19.784,2.003,13116999680,677000000
EA,1100,1000,0.82745,29.447,2243000064,76170749.62,0.0061,0.61,1371000064,640000000,0.72988,4135000000,34403594240,1715874944,0.3049,1.28,27.695,5.2831073,22.829,0.069,6512000000,282808000
EBAY,1200,1400,1.154411,96.461,9432000512,97780455.44,0.0191,1.91,3460000000,252000000,0.74568003,7770000000,26085584896,3399624960,,1.19,17.291,2.503415,15.982,0.054,10419999744,626003968
ECL,1400,900,1.092156,127.169,9035499520,71051117.17,0.0126,1.26,2708274944,1108199936,0.40144002,5211200000,44062539776,,0.5156,2.28,24.195,3.359757,45.8,0.132,13114800128,286567008
ED,1300,1100,0.221078,125.226,25465999360,203360319.4,0.033099998,3.3099998,4720000000,1346000000,0.56069,7668000000,33641529344,-1378249984,0.71940005,4.07,56.602,2.4598954,39.254,0.154,13676000256,353748992
EFX,1400,1300,1.50049,150.97,5814000128,38510963.29,0.007900001,0.7900001,1676199936,764400000,0.59578997,2943000000,22299525120,287137504,0.2524,1.7,29.01,4.3947744,41.591,0.124,5074100224,122002000
EIX,1100,800,0.695588,166.018,29532999680,177890347.3,0.0428,4.28,5143000064,759000000,0.58423,8708000000,24025382912,-4047124992,1.7695,3.18,35.816,1.6119009,39.224,0.055,14904999936,379908000
EL,800,900,1.075,112.281,7962999808,70920278.66,0.01,1,4248999936,3254000128,0.76379997,12391000000,91667701760,2257125120,0.24700001,2.61,16.861,5.1699114,48.994,0.141,17731000320,231704992
EMN,800,1000,1.484313,92.795,5370999808,57880271.65,0.0295,2.95,2308999936,818000000,0.22781,2504000000,12068678656,,0.47849998,1.24,45.522,1.1194397,80.984,0.127,10780999680,134440000
EMR,900,900,1.455882,90.455,9306000384,102879889.3,0.024600001,2.4600001,3976000000,2753999872,0.41309,7563000000,47381901312,2457625088,0.4268,1.64,16.588,2.5545557,31.062,0.075,18548000768,595699008
EOG,3200,800,1.778921,26.632,5906999808,221800833.9,0.0241,2.41,10099000320,4664000000,0.65905,13034000000,64617340928,4534499840,0.265,0.77,37.206,3.2672975,34.04,1.047,19776999424,585089984
EQIX,800,800,0.455882,137.618,15059304448,109428304.8,0.0188,1.88,2420516096,491281984,0.44094002,2787604000,59158872064,2038547840,2.1645,3.09,117.377,9.245872,70.989,0.087,6398409216,90041200
EQR,1100,900,0.808333,73.47,8471443968,115304804.2,0.0334,3.34,1482367488,1342987008,0.61962,1515205000,27083655168,,0.703,9.75,28.334,10.748578,6.726,0.093,2519742976,375016000
ES,800,800,0.45098,137.75,20325535744,147553798.5,0.028499998,2.8499998,3180729088,1220526976,0.48169997,4751056000,29041295360,-520502112,0.65029997,3.3,41.922,2.9444435,28.674,0.111,9863085056,343806016
ESS,900,800,0.770098,98.972,6114420224,61779293.38,0.0297,2.97,1040460032,393364000,0.69146,1070627000,17021111296,932674880,1.4023,6.85,91.413,10.750965,24.311,0.083,1583217024,65087800
ETN,800,900,1.198039,55.407,9114999808,164509896,0.0229,2.29,3441999872,2144000000,0.32275,6335000000,50219614208,3712999936,0.5588,1.21,40.068,2.5585701,49.23,0.024,19627999232,398600000
ETR,1800,900,0.636764,238.063,28558594048,119962337.9,0.0345,3.45,4030413056,1060326976,0.41525,4883866000,22638499840,-3556596480,0.7481,3.13,55.99,1.9224298,58.428,0.012,11775982592,200980992
EVRG,800,1100,0.496078,122.226,11295800320,92417327.9,0.0339,3.39,2272000000,879699968,0.47554,2656700000,15066160128,-606750016,0.6293,3.87,40.636,2.6967907,24.396,0.025,5586699776,229303008
EXC,3000,1800,0.588235,125.044,43508998144,347949506.9,0.028900001,2.8900001,9450999808,1706000000,0.28016,10183000000,44337373184,-735249984,0.8735,2.39,34.601,1.2198359,37.127,0.187,36346998784,978318016
EXPD,800,800,0.873529,13.369,467660000,34980926.02,0.012,1.2,1960637952,1415491968,0.13415,2216724000,16510113792,632417728,0.1341,-0.78,20.174,0.99918884,97.688,0.81,16523516928,169404000
EXR,1000,1000,0.42549,167.862,6355209216,37859725.35,0.0279,2.79,1107001984,826465984,0.76436996,1230417000,22777706496,621633984,0.8104,4.99,22.357,14.1501045,12.069,0.211,1609720064,133892000
F,27000,41800,1.098039,300.774,136000000000,450840165.7,0.0296,2.96,14759000064,11564999680,0.11356,16507000000,44478148608,4024624896,0.0699,0.09,9.157,0.33047387,33.664,-0.048,135000000000,3925390080
FANG,1800,800,2.292647,50.698,6714999808,132450980.5,0.022,2.2,4376000000,2182000128,0.86559,5577000000,21949351936,985374976,0.1272,0.34,63.515,3.4066975,36.475,1.63,6442999808,181175008
FAST,1000,900,1.304901,19.602,615900032,31420264.87,0.0235,2.35,1467699968,984000000,0.46477002,2777200000,28712136704,393775008,0.6765,4.27,5.155,4.5589294,10.951,0.203,6297999872,575163008
FBHS,1000,900,1.623529,115.545,3367899904,29147950.18,0.0161,1.61,1298000000,775500032,0.35597,2752700000,8127752192,206924992,0.1886,1.26,22.504,1.041699,57.36,0.083,7802399744,135734000
FCX,2200,800,2.004901,40.017,9621000192,240422825.1,0.0171,1.71,11854000128,5107999744,0.4961,10813000000,42967433216,6011125248,0.0867,-0.25,9.096,1.7467856,16.802,0.361,24597999616,1468470016
FDS,900,800,0.812745,68.99,838910016,12159878.48,0.0096,0.96,563214976,419326016,0.51458,805045000,14535669760,401227744,0.3017,1.94,29.093,8.71811,44.204,0.1,1667296000,37797200
FDX,1000,1100,1.316666,152.304,37354000384,245259483.6,0.014199999,1.4199999,12179000320,5126000128,0.27644,23730000000,60071120896,2911000064,0.1573,0.52,94.124,0.6552046,346.3,0.099,91682996224,264968992
FE,1000,800,0.345588,264.523,23158999040,87550039.28,0.0367,3.67,3692000000,1192000000,0.68097,7418000000,21889517568,235000000,0.7256,-7.21,13.738,1.9533749,20.31,0.096,11205999616,570188032
FIS,1000,800,0.738725,43.922,20877000704,475319901.3,0.0195,1.95,3939000064,417000000,0.37436,5195000000,55821254656,3742500096,1.1156,0.91,77.348,4.0225735,22.528,0.107,13877000192,608937024
FITB,800,1100,1.312745,1,11937000448,11937000448,0.0334,3.34,,2452999936,0,8297000000,22932199424,,0.3362,1.75,29.586,2.8547492,11.551,-0.137,8032999936,682505984
FMC,900,1300,0.874509,109.309,3336000000,30518987.46,0.0182,1.82,1324199936,802899968,0.43045,2171700000,13563624448,676374976,0.3093,1.87,23.916,2.6884217,39.292,0.227,5045199872,126751000
FOX,1100,1100,0.941705,73.853,8464999936,114619581.3,0.0156,1.56,2990000128,1436000000,0.35537997,4872000000,17685876736,1084249984,0.23879999,2.72,20.034,1.3012933,23.534,0.087,13591000064,249240000
FOXA,1800,4000,0.941705,73.853,8464999936,114619581.3,0.0143,1.43,2990000128,1436000000,0.35537997,4872000000,17718358016,1084249984,0.23879999,1.5,20.034,1.3036832,23.534,0.087,13591000064,320347008
FRC,1000,800,1.124019,1,5478000128,5478000128,0.0076,0.76,,1427000064,0,4975000000,25853040640,,0.111499995,1.14,66.436,4.9612436,29.234,0.206,5210999808,179286000
FRT,800,900,1.154411,145.775,4193751040,28768657.45,0.0369,3.69,577539008,252244992,0.67544,643333000,7447566848,312280256,1.2979,7.76,29.588,7.8192225,12.316,0.171,952468992,77789504
FTV,800,800,1.20049,39.08,3738700032,95667861.62,0.0048,0.48,1319200000,650400000,0.5752,3009900000,19499470848,937475008,0.1538,0.49,25.984,3.6298344,15.168,0.093,5372000256,358577984
GD,900,1100,0.992647,73.126,13173000192,180141128.9,0.0223,2.23,5267999744,3279000064,0.16752,6408000000,61778092032,4350750208,0.5154,1.68,56.401,1.6057936,138.056,0,38471999488,279223008
GE,1800,1000,0.964705,90.145,36313001984,402828797.9,0.0043,0.43,6878000128,-4397000192,0.24906999,18411000000,69918572544,42953875456,,0.47,34.122,0.9427562,67.483,-0.002,74164002816,1098140032
GILD,800,900,0.415686,173.774,34607001600,199149479.2,0.0468,4.68,13186499584,4514999808,0.79656,21779000000,77533233152,9810875392,0.7989,-7.04,17.108,2.822264,21.877,0.026,27471998976,1254380032
GIS,1100,3000,0.502941,121.775,12269700096,100757134.8,0.0279,2.79,3773299968,2301299968,0.33388,6450600000,45511962624,1582550016,0.544,4.37,15.79,2.443569,30.553,0.004,18625200128,603206976
GL,900,800,1.013235,23.443,2026137984,86428272.15,0.0086,0.86,1006352000,730803008,0.25270998,1317905000,9842422784,,0.1117,0.84,85.111,1.9094205,51.023,0.033,5154664960,100979000
GLW,900,1200,0.948529,55.301,6984000000,126290663.8,0.0304,3.04,3868999936,1084999936,0.36464,5143000000,26890887168,2296875008,0.7984,0.69,14.51,1.8581321,17.081,0.119,14471999488,853408000
GPC,800,800,1.107843,120.713,4355192832,36078904.77,0.026600001,2.6600001,1667291008,926918016,0.35147998,6634136000,18942126080,544836864,0.5178,3.59,22.338,0.9615082,137.948,0.186,19700430848,142422000
GPN,1400,900,1.060294,48.94,12660573184,258695815,0.0082,0.82,3447259904,965459968,0.56175,4788237000,32102307840,2789488384,0.27,0.68,90.135,3.7662134,29.126,0.137,8523762176,290151008
GRMN,800,800,1.02647,1.314,82127000,62501522.07,0.026400002,2.6400002,1356657024,1073762944,0.57275003,2890459000,18895636480,215653120,0.482,1.41,30.442,3.7173233,26.416,0.094,5083129856,192322000
GS,1400,800,1.453431,472.174,543000000000,1149999788,0.026099999,2.6099999,,18236000256,0.88204,52699000000,99079331840,,0.14050001,-1,275.256,1.849185,153.458,-0.304,53580001280,333577984
GWW,800,800,1.249019,115.021,2726000128,23700021.11,0.014400001,1.4400001,1939000064,1171000064,0.36879003,4720000000,23412234240,481000000,0.2889,1.18,35.462,1.7233886,263.275,0.183,13585000448,51520000
HAL,1300,1400,2.439215,136.243,9582000128,70330219.74,0.013300001,1.3300001,2814000128,1550000000,0.13535,2016000000,28070840320,1363000064,0.14739999,0.3,6.355,1.7405035,18.03,0.241,16128000000,895116032
HAS,800,900,0.95098,134.369,4171099904,31042129.54,0.0304,3.04,1125200000,373700000,0.49883,3243900000,11295100928,1158375040,1.0074,0.99,21.888,1.746116,46.739,0.043,6468700160,137947008
HBAN,38500,45900,1.212254,1,7160000000,7160000000,0.0475,4.75,,1084000000,0,5958000000,17738717184,,0.8592,-4.41,11.899,2.8838754,4.498,0.141,6151000064,1446460032
HCA,800,1200,1.606862,9537.681,39486001152,4140000.19,0.0105,1.05,12433000448,6806000128,0.38053,22492000000,52270526464,3417874944,0.0945,1.68,-2.217,0.87526,189.992,0.069,59719999488,311023008
HD,1000,1000,1.044607,1,46269001728,46269001728,0.0257,2.57,26164000768,16433000448,0.33629,50832000000,286000000000,11745874944,0.425,1.23,0.989,1.8947432,143.413,0.107,151000000000,1044240000
HES,900,900,1.769607,122.347,8622999552,70479860.99,0.013099999,1.3099999,3804999936,724000000,0.71425,5267000000,32812480512,1165874944,0.48279998,0.19,18.222,4.265793,24.97,0.21,7692000256,309727008
HIG,1000,800,1.019607,31.295,4975000064,158971083.7,0.0221,2.21,4036000000,2540000000,0.36727002,7940000000,22269296640,3576875008,0.2028,0.77,51.284,0.99221605,65.506,0.018,22443999232,340352992
HII,1100,900,0.895588,126.211,3544000000,28079961.33,0.0232,2.32,961000000,544000000,0.14364,1368000000,8726087680,319875008,0.3483,0.99,54.589,0.9162209,236.328,-0.029,9523999744,40061000
HLT,2200,1200,1.259313,1,9816999936,9816999936,0.0044,0.44,1220000000,410000000,0.72218,1765000000,31060779008,906875008,0,0.66,-4.047,12.708993,8.76,1.016,2444000000,278721984
HON,1100,800,1.15,101.632,19369000960,190579748.1,0.020299999,2.0299999,8447000064,5248999936,0.31926,10998000000,120000000000,4009625088,0.508,2.09,25.917,3.4870546,49.772,-0.009,34314000384,688422976
HPE,38800,3000,1.17696,69.099,14072000512,203649843.2,0.0301,3.01,4837000192,3716999936,0.33792,9376000000,17151014912,-7625000,0.1714,1.21,15.422,0.61446744,21.307,0.019,27911999488,1293440000
HPQ,3200,1000,1.00098,1,8354999808,8354999808,0.0272,2.72,6584000000,6520999936,0.20777,13417000000,35491561472,3920624896,0.1514,2.4,-1.511,0.5471267,56.067,0.088,64868999168,1082720000
HRL,800,800,0.098039,46.76,3322928128,71063475.79,0.0195,1.95,1439666944,926126976,0.1713,1961806000,25696114688,569481024,0.5888,3.2,12.855,2.1468172,22.092,0.237,11969399808,542569984
HST,3000,1000,1.294607,83.004,5455000064,65719725.12,0.0121,1.21,545000000,-11000000,0.22047001,644000000,11196068864,153500000,0.0833,0.93,8.573,3.8329575,4.112,2.776,2920999936,714035008
HSY,1100,800,0.40098,182.251,5313624064,29155527.62,0.016,1.6,2543244032,1615191040,0.45457,4053818000,44323819520,1117503360,0.45080003,2.91,12.274,4.744773,45.269,0.161,9341609984,145390000
HUM,800,1000,0.938725,86.638,13292000256,153419980.3,0.0072,0.72,4649999872,3035000064,0.18249,14994000000,60162912256,3554874880,0.1225,1.25,126.503,0.68761545,682.543,0.16,87495000064,128534000
HWM,800,800,1.440196,123.888,4345999872,35080071.29,0.0024,0.24,1127000064,256000000,0.28238,1404000000,13436006400,499750016,0.0833,0.93,8.234,2.7023342,11.563,0.038,4972000256,427217984
IBM,1100,800,1.104901,301.104,57547001856,191120017.9,0.0494,4.94,12120000512,4972000256,0.54478,31486000000,127000000000,5019125248,1.1949,1.06,24.786,2.1684246,65.033,0.077,58360999936,896320000
ICE,800,900,0.844607,62.608,14241999872,227478914.4,0.0155,1.55,4344000000,4057999872,1,7146000000,52982513664,1951124992,0.1903,2.21,38.361,7.41429,12.715,0.101,7145999872,563404032
IEX,800,900,1.105392,45.051,1306000000,28989367.61,0.0129,1.29,801699968,476700000,0.44879,1236100000,13809602560,302528000,0.34669998,2.02,35.805,4.821957,37.658,0.152,2863899904,76031504
IFF,900,900,1.05049,57.483,12199000064,212219265.9,0.0239,2.39,2428999936,268000000,0.35244,4108000000,30321639424,-769000000,1.3833001,4.8,84.175,2.6013763,47.967,1.387,11655999488,254547008
INTC,1000,1800,0.549019,36.114,37247000576,1031372891,0.0335,3.35,31547000832,24619999232,0.54315,43815000000,152000000000,8473500160,0.2338,3.72,22.151,1.9580262,19.117,-0.067,77704003584,4067000064
INTU,1100,800,1.115686,46.406,7237000192,155949665.8,0.0073,0.73,3129999872,2172000000,0.82863,8000000000,109000000000,3000875008,0.3211,1.82,35.623,9.562283,41.355,0.696,11413999616,283167008
IP,2200,1300,0.95147,67.998,6042999808,88870258.07,0.0387,3.87,2830000128,1215000064,0.2841,5531000000,16199212032,2602374912,0.62299997,0.52,24.85,0.8096772,51.966,0.14,20007000064,387263008
IPG,1800,800,0.998039,133.117,4798600192,36047989.3,0.0361,3.61,1745149952,1020499968,0.23083,2150700000,10840075264,,0.42970002,2.05,8.057,1.1646727,23.638,0.098,9307400192,393755008
IR,800,900,1.489331,38.986,3536499968,90712049.66,0.0019,0.19,1044499968,520900000,0.38594002,1988500000,17151176704,868187520,0.0313,0.98,21.235,3.3287745,12.421,0.164,5152399872,407584992
IRM,1000,1100,0.883333,1525.623,12696222720,8321992.209,0.0473,4.73,1591216000,446915008,0.57447,2604302000,14098190336,133383248,1.6199001,5.14,3.363,3.0269625,16.069,0.153,4657537024,289550016
ITW,800,1000,1.112254,217.347,7880999936,36259989.49,0.0235,2.35,3910000128,2694000128,0.41272998,5966000000,57204809728,1787250048,0.564,2.24,11.125,3.957441,45.874,0.059,14455000064,313880992
IVZ,1300,1000,1.190686,12.424,2085699968,167876687.7,0.042,4.2,1949600000,1322899968,0.3411,2307900000,7439268864,,0.2394,6.39,24.001,1.0837779,14.849,-0.018,6864200192,461207008
J,800,1000,0.858823,59.414,4003104000,67376443.26,0.0069,0.69,1392374016,286919008,0.23401,3133166000,16457359360,1354582784,0.2997,1.33,46.085,1.1678993,108.364,0,14091420672,129453000
JBHT,800,1200,1.036274,39.859,1296841984,32535738.08,0.0091,0.91,1730993280,857524992,0.1659,2022753000,16536554496,,0.16129999,0.8,27.827,1.2682631,123.973,0.332,13038741504,105014000
JCI,800,800,1.169117,50.757,9384999936,184900603.6,0.026800001,2.6800001,4232000000,1567000064,0.33991,8059000000,33723418624,2755249920,0.71099997,0.93,24.779,1.3941634,33.978,0.098,24188999680,704332032
JKHY,800,800,0.589215,23.332,296782016,12719956.11,0.0112,1.12,500023008,346054016,0.40936002,694826000,13328861184,251571376,0.384,2.63,18.853,7.142951,25.125,0.169,1866016000,74041000
JNJ,800,1000,0.719607,44.369,33148000256,747098205,0.0256,2.56,32411000832,19829999616,0.68064004,64020000000,467000000000,19812999168,0.5714,3.17,26.694,4.925304,36.055,0.05,94879997952,2632600064
JNPR,3200,1000,0.892647,42.684,1821299968,42669383.56,0.0276,2.76,692800000,339500000,0.5744,2740100000,9267658752,433887488,0.7864,1.17,13.484,1.9190879,14.938,0.087,4829199872,325180992
JPM,900,1100,1.094117,1,643000000000,6.43E+11,0.0336,3.36,,40497000448,0,131000000000,341000000000,,0.2891,1.48,86.355,2.7561736,41.279,-0.197,124000000000,2955269888
K,1200,1000,0.568627,183.796,7746999808,42149991.34,0.0318,3.18,2488999936,1488000000,0.32417,4597000000,24335714304,1022374976,0.51669997,6.88,10.213,1.7160789,41.552,-0.013,14181000192,341123008
KDP,4000,1000,0.601149,51.711,13191999488,255110121.4,0.0202,2.02,3779000064,2406000128,0.54785997,7003000000,50181599232,2224499968,0.4464,3.09,17.212,3.9024496,9.069,0.061,12858999808,1417959936
KEY,800,1300,1.322549,1,13635000320,13635000320,0.0419,4.19,,2335000064,0,7683000000,16042128384,,0.3089,15.51,16.775,2.1521502,7.959,-0.125,7454000128,931057984
KHC,2900,2200,0.987254,44.08,21970999296,498434648.3,0.0361,3.61,6136999936,1224999936,0.33051997,8695000000,46684880896,7598875136,1.6162,-10.32,40.822,1.8170272,20.982,-0.055,25692999680,1224039936
KIM,1800,2900,1.47647,74.419,7612063232,102286556.3,0.0344,3.44,930347008,914393024,0.69723,946674000,12186782720,,0.41919997,6.99,16.084,8.073251,2.733,0.513,1509526016,616428032
KLAC,800,800,1.259313,92.997,3793009920,40786368.59,0.0125,1.25,3743848960,3149411072,0.60857,4146569000,48379547648,1977862784,0.1965,0.74,25.443,5.5926137,57.032,0.269,8650614784,151622000
KMB,800,900,0.507352,1092.506,9329999872,8539998.748,0.033299997,3.3299997,3440000000,1752999936,0.30558002,6142000000,45507301376,1607874944,0.8842,3.68,1.408,2.2992778,58.73,0.074,19791998976,336716992
KMI,4000,1200,0.940196,101.495,32181000192,317069808.3,0.0592,5.92,5757000192,1031000000,0.43812,7749000000,38002126848,668000000,2.4,-6.14,13.475,2.4217515,6.923,-0.176,15692000256,2267429888
KO,800,1300,0.657843,155.363,41700999168,268410105.2,0.026800001,2.6800001,13320999936,10307000320,0.60268,23298000000,272000000000,7018749952,0.71730006,3.97,5.135,6.7720356,9.286,0.163,40126001152,4319419904
KR,1300,1200,0.465686,216.778,20440000512,94290013.34,0.015700001,1.5700001,6592000000,1639000064,0.22724001,31333000000,34799669248,4831249920,0.35939997,2.56,12.898,0.25237632,185.333,0.075,138000000000,735256000
L,1100,1200,0.889215,49.241,9441999872,191750774.2,0.004,0.4,3120999936,1578000000,0.37777,5537000000,15033313280,1946749952,0.0387,,70.21,1.0256746,56.445,-0.004,14657000448,253684000
LDOS,800,900,0.75245,134.853,5857999872,43439892.86,0.014199999,1.4199999,1488000000,753000000,0.14661,2014000000,14133540864,748249984,0.2784,2.15,29.393,1.0288666,97.426,0.073,13736999936,140339008
LEN,1200,800,1.531862,28.851,6014720000,208475269.5,0.0195,1.95,5984159744,3886330112,0.27078,7333336000,21382356992,1018786496,0.088199995,0.21,69.103,0.7634177,92.487,0.165,28008724480,271852000
LH,800,1100,1.044607,58.864,6322999808,107417093.8,0.0118,1.18,3680699904,2099299968,0.33156,5624300000,22428252160,1683600000,0,-0.97,109.859,1.4142287,165.889,-0.063,15859000320,95700000
LHX,800,800,0.760784,40.468,7837000192,193659192.3,0.019,1.9,3560999936,1852999936,0.30161,5376000000,47427579904,3395249920,0.4504,0.45,99.006,2.733578,87.659,-0.102,17350000640,196224992
LIN,900,1000,0.90196,37.071,16455999488,443904925.4,0.0152,1.52,10368000000,4016000000,0.42423,13250000000,147000000000,6152500224,0.56060004,,86.475,4.640123,61.904,0.134,31761000448,512555008
LKQ,1300,900,1.639215,69.792,4064000000,58230169.65,0.02,2,1748593024,1093224960,0.40594003,5321981000,14309294080,670310976,0.134,0.37,20.195,1.0786846,45.354,0.056,13265504256,291491008
LLY,1100,900,0.430392,174.931,16551999488,94620161.6,0.013400001,1.3400001,10721399808,6129299968,0.7556,21345300000,310000000000,4736287744,0.5245,5.44,8.552,10.577293,32.376,0.148,29322799104,956592000
LMT,1300,1100,0.792156,116.427,11644999680,100019752.1,0.0257,2.57,8743000064,6210999808,0.1336,9097000000,119000000000,4603125248,0.477,2.01,35.15,1.8034515,240.205,-0.08,65749999616,275785984
LNC,900,1000,1.97598,38.388,7782000128,202719603.2,0.033299997,3.3299997,2051000064,1404999936,0.27582002,5304000000,8451759616,-2803124992,0.254,0.2,113.763,0.4395091,102.637,0.113,19229999104,180708992
LNT,900,900,0.423039,131.512,7992000000,60770119.84,0.0293,2.93,1495000064,680000000,0.41944999,1556000000,14673657856,-392249984,0.6011,3.56,23.905,3.8252497,15.323,0.185,3836000000,250360992
LOW,900,1300,1.307352,1,29404999680,29404999680,0.0165,1.65,14136999936,8408999936,0.33305,32056000000,118000000000,6984750080,0.2492,0.99,-2.297,1.2226845,138.29,0.051,96250003456,673747008
LRCX,1400,800,1.247058,83.106,5008346112,60264555.05,0.012200001,1.2200001,5542600192,4541008896,0.45926,6805306000,60001497088,2587343360,0.1814,1.04,41.332,3.5850334,118.644,0.055,16736663552,140799008
LUMN,3000,3100,1.019117,257.922,30538000384,118400138,0.0863,8.63,8017999872,2032999936,0.56885,11199000000,11170639872,-4230749952,0.48540002,-0.35,10.846,0.567412,18.581,-0.054,19687000064,1023889984
LW,900,800,0.684803,701.606,2752399872,3922999.336,0.0154,1.54,597800000,234400000,0.19624001,832000000,10438019072,14562500,0.5938,2.23,2.926,2.6403306,27.087,0.066,3953299968,146068000
LYB,800,800,1.388725,102.791,13185999872,128279712,0.0424,4.24,9164000256,5850999808,0.18693,8776000000,29105289216,4710624768,0.2571,1.9,35.369,0.5792328,151.122,0.449,50247999488,332784000
MA,800,1400,1.07745,205.414,14645999616,71299909.53,0.0059,0.59,11809999872,9489999872,1,18884000000,310000000000,8665124864,0.2393,1.31,6.814,15.579869,20.225,0.244,19896000512,974708992
MAA,800,900,0.719607,74.834,4567401984,61033781.22,0.0242,2.42,1036393024,593148032,0.59683996,1051185000,20111155200,786447232,0.8067,6.81,51.218,10.99478,15.91,0.12,1829154944,115138000
MAR,800,900,1.690686,805.233,11386000384,14140007.16,0.0072,0.72,2015000064,1099000064,0.77686995,2653000000,44296142848,1844499968,0,0.25,2.819,12.971052,10.437,1.11,3415000064,325683008
MAS,900,800,1.354901,1,3398000128,3398000128,0.0202,2.02,1160000000,552000000,0.33314,2863000000,12350801920,188500000,0.4378,1.16,-0.516,1.4351385,35.162,0.117,8606000128,244087008
MCD,900,800,0.611764,1,49353199616,49353199616,0.0225,2.25,11785624576,7112399872,0.54545,12580200000,184000000000,,0.5639,3.21,-7.595,7.7630286,31.879,0.106,23763900416,747244992
MCHP,1400,1100,1.566176,136.19,7903499776,58032893.58,0.0165,1.65,2758500096,963600000,0.64496005,3378800000,32226908160,2036199936,0.4009,0.51,10.278,5.0012274,11.736,0.3,6443800064,554870976
MCK,1200,1100,0.716666,1,8098999808,8098999808,0.0058,0.58,3516999936,1415000064,0.050300002,11967000000,49806393344,2778374912,0.2521,1.05,-3.74,0.19379468,1655.966,0.096,257000000000,152682000
MCO,900,800,1.207352,274.211,7996000256,29160027.34,0.0097,0.97,3116000000,2214000128,0.73673,4581000000,50559221760,1931250048,0.24239999,4.82,13.072,8.131107,33.358,0.193,6217999872,185900000
MDLZ,2900,1800,0.709313,71.633,20212000768,282160467.5,0.0211,2.11,6096999936,4193999872,0.38689,11254000000,86613688320,3322749952,0.4596,3.22,19.857,2.961557,20.931,0.073,29245999104,1394969984
MDT,1400,900,0.75245,47.721,25155000320,527126429,0.024500001,2.4500001,9608999936,4913999872,0.68274003,19762000000,121000000000,4651250176,0.6804,1.47,38.659,3.796579,23.631,-0.002,31785000960,1344560000
MET,1000,900,1.184313,161.024,109000000000,677489070,0.0315,3.15,9504000000,6352999936,0.29139,20712000000,52816437248,6079499776,0.249,0.91,81.761,0.74305624,82.392,0.035,71080001536,841160000
MGM,900,1200,2.32745,223.126,24821262336,111243254.2,0.0003,0.03,1714420992,1176071936,0.4918,4649531000,13576392704,373566240,0.0033,-0.15,14.54,1.4360387,19.617,1.185,9454057472,468960000
MKC,800,800,0.471078,116.423,5372000256,46142087.53,0.0148,1.48,1247800064,748400000,0.39036,2505600000,22256388096,467112512,0.5018,4.36,16.409,3.5000925,23.773,0.028,6358799872,249352000
MKTX,800,800,0.406862,8.44,86391000,10235900.47,0.0106,1.06,372360992,242200000,0.68789,485561000,9735164928,88819872,0.42069998,3.51,27.752,14.118265,18.394,-0.048,689544000,38026500
MLM,900,800,0.773529,87.778,5738599936,65376289.46,0.0073,0.73,1483600000,701800000,0.2653,1349000000,18667159552,559049984,0.22729999,1.38,101.857,3.671241,81.486,0.265,5084700160,62381900
MMC,800,900,0.961764,124.641,13905000448,111560405.1,0.013400001,1.3400001,5562999808,3231000064,0.43759,8710000000,78384947200,3431124992,0.4122,2.67,19.257,3.8639925,40.131,0.092,20285999104,504895008
MMM,900,800,0.915607,117.329,17603999744,150039630,0.045900002,4.5900002,9457999872,5596000256,0.46331,16579000000,73641926656,4292875008,0.6171,2.11,26.236,2.0842252,61.241,-0.002,35333001216,569059008
MO,1200,1300,0.612254,1,27921999872,27921999872,0.0679,6.79,12373000192,2998000128,0.6657,13940000000,76731072512,7686249984,2.1576,1.95,-0.689,3.6451817,11.47,-0.013,21049999360,1836989952
MOS,1100,800,1.629901,40.988,4405600256,107485123.8,0.0072,0.72,3519699968,1630599936,0.2617,3233900000,17494462464,812700032,0.0479,-0.39,27.475,1.4157075,32.683,0.563,12357399552,370409984
MPC,1200,900,1.910294,80.117,26904000512,335808885.9,0.0242,2.42,7120999936,1288000000,0.0867,10443000000,50607484928,16415250432,0.5472,0.55,45.466,0.42014998,189.986,0.967,120000000000,615587968
MPWR,800,800,0.915686,0.467,5807000,12434689.51,0.0069,0.69,297340992,242023008,0.56753,685459000,17701556224,150798256,0.44349998,1.34,25.226,14.656056,26.342,0.444,1207798016,46093000
MRK,800,1100,0.460784,90.522,34631000064,382569983.7,0.0305,3.05,21568749568,13909999616,0.71115994,35463000000,230000000000,,0.4891,1.02,14.174,4.2663665,21.342,0.496,53978001408,2525939968
MRO,1800,2200,2.766666,38.48,4112000000,106860706.9,0.0119,1.19,3308999936,946000000,0.77546,4355000000,17501511680,1785500032,0.0769,0.59,13.683,3.1163661,7.136,1.091,5616000000,778537024
MS,900,1400,1.447549,335.26,357000000000,1065978643,0.0348,3.48,,14126000128,0.88905,53295000000,136000000000,,0.3117,0,54.563,2.3196766,33.251,-0.058,58837000192,1794409984
MSCI,800,1100,0.996078,1,4325386240,4325386240,0.010199999,1.0199999,1215641984,757587008,0.82322,1684860000,33980407808,874179264,0.4276,2.25,-3.396,15.990284,25.838,0.17,2125065984,82446704
MSFT,900,3100,0.908333,47.863,77980999680,1629254323,0.0095,0.95,94982995968,72456003584,0.6873,116000000000,1930000000000,48917000192,0.2463,1.69,20.242,10.014044,25.642,0.184,193000000000,7507979776
MSI,800,800,0.882352,1,6129999872,6129999872,0.0147,1.47,2521999872,1244999936,0.49541,4048000000,35400810496,1610125056,0.4073,1.43,-1.555,4.3324943,48.292,0.021,8170999808,168896992
MTB,800,1000,0.918137,1,3493893888,3493893888,0.028800001,2.8800001,,1688473984,0,6066772000,20511102976,,0.3514,2.14,122.602,3.4243157,46.508,-0.051,5989839872,128685000
MU,800,1100,1.155392,16.029,7669000192,478445329.8,0.0056,0.56,17064999936,9024000000,0.45969,10472000000,61922996224,3732624896,0.0252,0.24,41.026,1.9866854,27.817,0.249,31168999424,1120169984
NDAQ,800,800,0.906862,105.878,6376000000,60220253.5,0.0163,1.63,1908499968,1172999936,0.59983003,3420000000,25508042752,,0.3099,2.35,37.947,4.4208045,34.764,-0.071,5769999872,167222000
NDSN,900,800,0.966666,42.53,943582016,22186268.89,0.0096,0.96,760622976,497195008,0.56211,1324080000,11777270784,469778624,0.2125,1.81,37.128,4.817256,42.069,0.157,2444808960,58176600
NEE,1400,1100,0.385294,134.893,59692998656,442521099.4,0.0226,2.26,6024999936,1456000000,0.45112,8589000000,152000000000,-9926250496,2.1351,2.74,18.678,9.3628645,8.268,-0.224,16232999936,1962140032
NEM,1300,1300,0.303431,28.709,6209999872,216308470.2,0.0337,3.37,4326000128,1003000000,0.39837003,4986000000,47582945280,1737624960,1.746,,28.461,3.845708,15.524,0.053,12373000192,797435008
NI,1200,3000,0.316666,137.119,9972500480,72728801.11,0.031,3.1,1739100032,529800000,0.42185003,2066900000,11580869632,-614687488,0.6007,2.84,12.162,2.3636358,12.448,0.163,4899599872,392704992
NKE,900,900,0.958333,85.468,12657000448,148090518.7,0.0108,1.08,7975000064,6115999744,0.46207002,20001000000,162000000000,3625999872,0.3061,1.88,9.431,3.4550235,29.621,0.05,46819999744,1277810048
NLOK,1300,3100,0.971568,1,3944000000,3944000000,0.0209,2.09,1312000000,924000000,0.85247004,2189000000,12775339008,1323000064,0.35459998,1.61,-0.399,4.642202,4.733,0.099,2752000000,581755008
NLSN,1300,1400,1.505882,159.605,5741000192,35970052.27,0.0095,0.95,1088000000,546000000,0.64456004,2288000000,8334284800,565875008,0.1579,2.58,8.62,2.3717375,9.787,0.016,3513999872,358927008
NOC,900,1000,0.740686,109.076,14492999680,132870656.1,0.0139,1.39,8807000064,5765000192,0.20962,7268000000,75297251328,4150625024,0.1734,2.97,71.913,2.1326437,222.722,-0.039,35306999808,157338000
NRG,900,1000,0.911274,230.194,8287000064,36000069.78,0.033099998,3.3099998,4703000064,2187000064,0.24110001,6507000000,9345504256,314750016,0.0806,0.3,16.66,0.34627086,110.159,2.476,26989000704,244839008
NSC,800,1000,1.378921,114.241,15377999872,134610165.1,0.0199,1.99,5816000000,3033999872,0.50937,5730000000,55309881344,2244375040,0.35619998,1.59,57.067,4.844095,46.819,0.105,11418000384,243344992
NTAP,800,900,1.217156,334.694,2952000000,8819996.773,0.028099999,2.8099999,1363000064,1012000000,0.67269,3815000000,14501415936,1088000000,0.447,1.62,3.404,2.3415818,27.802,0.098,6192999936,222278000
NTRS,1400,800,1.12598,1,7335399936,7335399936,0.0269,2.69,,1505400064,0,6546000000,20035133440,,0.38830003,1.73,53.038,3.0131192,31.96,0.064,6649299968,207660992
NUE,900,1000,1.345098,42.299,6828387840,161431424.9,0.0162,1.62,11821548544,7948341248,0.32239,11046917000,29840275456,4547721728,0.0653,0.12,46.965,0.74675214,140.25,0.495,39960080384,285799008
NVDA,1400,1300,1.423039,44.457,11831000064,266122321.9,0.0009,0.09,11214999552,9752000512,0.64929,17475000000,378000000000,6468125184,0.0416,0.93,9.512,14.035902,10.783,0.528,26914000896,2492000000
NWL,1000,3100,0.838235,140.05,5574000128,39800072.32,0.0405,4.05,1390000000,717000000,0.31125,3318000000,8099616256,387875008,0.5476,2.52,9.532,0.7577524,25.177,0.044,10689000448,425400000
NWS,1000,1400,1.335784,37.028,3460999936,93469804.9,0.0111,1.11,1268000000,496000000,0.50826,4579000000,9360322560,796000000,0.23809999,,13.853,0.9317462,16.99,0.126,10046000128,199519008
NWSA,21500,2200,1.335784,37.028,3460999936,93469804.9,0.0112,1.12,1268000000,496000000,0.50826,4579000000,9254909952,796000000,0.23809999,1.04,13.853,0.9212532,16.99,0.126,10046000128,392828000
NXPI,800,800,1.394607,160,10832000000,67700000,0.0195,1.95,3828000000,1871000064,0.5484,6067000000,39366062080,2144000000,0.3158,1.14,25.298,3.5583532,40.87,0.212,11063000064,265932992
O,1000,800,0.80147,63.746,16018989056,251294027.2,0.044,4.4,1905584000,359456000,0.93582,1947964000,38619119616,1105633664,3.0326002,2.75,32.991,18.552889,5.021,0.651,2081569024,565764992
ODFL,800,1400,1.033333,2.853,99951000,35033648.79,0.0044,0.44,1788445696,1134766976,0.38214,2000794000,29475018752,,0.0919,0.92,29.735,5.2380543,48.875,0.329,5627092992,115011000
OGN,800,800,,1,9363999744,9363999744,0.0323,3.23,2012000000,1351000064,0.62325,3929000000,8557312512,2661374976,0.1634,-1.28,-6.382,1.3574417,24.864,-0.006,6304000000,253550000
OKE,1200,800,1.745588,231.117,13902058496,60151605.01,0.057800002,5.7800002,3193086976,1498605952,0.25898,4283654000,24749502464,1051061760,1.1130999,1.47,13.098,1.4963144,37.052,1.109,16540309504,445936992
OMC,900,800,0.764705,167.149,6608900096,39538974.78,0.0364,3.64,2327099904,1293799936,0.19141,2703900000,13520878592,972350016,0.4643,1.08,15.426,0.9473179,67.174,-0.005,14272799744,212559008
ORCL,800,1100,0.830392,1,78412996608,78412996608,0.018,1.8,18399000576,7560000000,0.79433995,32624000000,187000000000,9464500224,0.4885,1.45,-3.782,4.460859,15.235,0.042,41827000320,2670449920
OTIS,800,1100,0.725558,1,7130999808,7130999808,0.0159,1.59,2360000000,1248999936,0.29216,4193000000,30018424832,-465124992,0.32990003,2.44,-9.073,2.0986035,33.589,0.002,14304000000,424768992
OXY,900,800,2.094607,153.19,31139000320,203270450.6,0.0081,0.81,13112000512,1980000000,0.62786996,16297000000,54992801792,8588125184,0.0242,0.35,9.755,2.1186934,27.76,0.902,25955999744,933980992
PARA,3100,4000,1.531372,85.072,19632001024,230769242.8,0.0339,3.39,4391000064,4336999936,0.37928,10842000000,,17019374592,0.16409999,-1.63,,,44.596,0.164,28586000384,
PAYX,800,1000,0.980882,26.951,885600000,32859634.15,0.026400002,2.6400002,1989900032,1359399936,0.7082,2785600000,41079398400,1524462464,0.70589995,2.36,8.647,9.135657,12.473,0.148,4496600064,360756992
PCAR,900,1000,0.92598,99.782,12116899840,121433723.9,0.0162,1.62,2760199936,1981799936,0.13788,3162000000,28586551296,14076612608,0.239,1.43,32.636,1.1837375,69.4,0.107,24149399552,347176992
PEAK,1300,1300,0.748529,89.203,6374536192,71461006.83,0.0399,3.99,1002475008,116608000,0.59455,1127375000,13967355904,2724087808,2.069,25.5,12.374,7.366034,3.518,0.119,1896184064,539072000
PEP,2200,1000,0.653431,218.608,40049000448,183200067.9,0.026500002,2.6500002,14588999680,10165000192,0.53417,42429000000,230000000000,6726750208,0.5882,3.42,11.484,2.8499823,58.473,0.093,80853999616,1382649984
PFE,1800,1400,0.721568,53.438,41394999296,774636013.6,0.0321,3.21,31949000704,22413000704,0.62281,50627000000,294000000000,30855249920,0.3536,-9.15,13.49,3.6202488,14.513,1.068,81288003584,5612870144
PFG,1300,900,1.522058,28.537,4696699904,164582818.9,0.0366,3.66,2358899968,1710599936,0.49576,7070900000,17703958528,2323150080,0.4322,0.77,60.393,1.2412767,53.021,0.087,14262700032,265068992
PG,900,3100,0.442647,73.6,33668999168,457459227.8,0.0238,2.38,21462999040,14314000384,0.48488998,39144000000,348000000000,10515874816,0.60830003,4.28,18.7,4.370426,32.886,0.07,79617998848,2419950080
PGR,800,800,0.480392,37.45,6385600000,170510013.4,0.0037,0.37,3293449984,2157900032,0.06689,4681400000,67948187648,,0.5177,0.76,30.876,1.4134464,82.267,0.035,48072699904,584400000
PH,1200,1100,1.65147,96.395,8452177920,87682742.05,0.02,2,3289517056,1816702976,0.27993,3932960000,31621115904,-676876480,0.3181,1.29,66.068,2.0677419,118.663,0.121,15292583936,128515000
PHM,900,900,1.423529,33.959,2517455872,74132214.49,0.014099999,1.4099999,2780272128,2079773952,0.27698,3783112000,10033761280,332183872,0.0713,0.43,28.011,0.69752985,56.548,0.168,14384705536,253186000
PKG,1100,1100,0.845588,75.746,2732300032,36071872.2,0.0257,2.57,1836099968,921699968,0.24933,1880000000,13061234688,,0.409,1.39,38.256,1.620601,85.954,0.182,8059500032,94990800
PKI,800,1200,1.10147,72.955,5209903104,71412557.11,0.0019,0.19,1868369024,943283008,0.57041,2890369000,17948164096,1143080064,0.0458,0.43,55.139,3.54205,43.62,0.007,5067168768,126200000
PLD,800,800,0.879901,48.876,18798837760,384623082.1,0.024600001,2.4600001,3677421056,3717009920,0.76191,3915208000,86981820416,3474444800,0.5371,-5.72,43.881,16.585594,7.09,0.066,5244420096,739326976
PM,800,800,0.789705,1,29357000704,29357000704,0.0479,4.79,13953999872,8995999744,0.67249,21375000000,154000000000,9963625472,0.8564,4.6,-6.773,4.8698406,20.287,0.021,31566000128,1556829952
PNC,3000,900,1.243137,1,26570999808,26570999808,0.0381,3.81,,5011999744,0,19990000000,66680070144,,0.41419998,-2.96,121.158,3.3142836,47.405,0.027,20118999040,422640992
PNR,1000,800,1.113235,46.967,1176000000,25038857.07,0.0168,1.68,716600000,543400000,0.34275,1319200000,7573927936,298175008,0.2492,1.59,14.129,1.94278,23.545,0.154,3898500096,165478000
PNW,1000,1100,0.275,135.923,8184579072,60214820.69,0.0464,4.64,1636992000,618720000,0.44618,1697217000,8249325568,-602660352,0.634,183.3,53.759,2.1686866,33.689,0.078,3803834880,112819000
POOL,1000,800,0.890196,150.601,1768481024,11742823.91,0.0097,0.97,968979008,725848000,0.31219998,1617092000,14080108544,-190003376,0.17819999,1.25,24.581,2.4931626,141.878,0.332,5647489024,40088000
PPG,1000,800,1.220588,126.749,8026999808,63329886.69,0.019299999,1.9299999,2184999936,1060000000,0.37831002,6557000000,27144429568,492375008,0.5214,1.04,26.339,1.5755081,72.574,0.11,17229000704,237400992
PPL,900,1100,0.810784,82.766,11358000128,137230265.2,0.0278,2.78,2603000064,18000000,0.47553003,2750000000,20366925824,7502499840,10.8211,1.19,19.176,3.5218616,7.58,0.083,5783000064,750716032
PRU,900,800,1.480943,76.881,34349000704,446781398.6,0.0498,4.98,7045000192,4786999808,0.30281,23960000000,35880001536,-7706874880,0.3741,2.71,117.057,0.5344296,175.682,-0.22,67136999424,375000000
PSA,800,1000,0.270098,79.326,7475278848,94234914.76,0.0251,2.51,2477064960,1732444032,0.73689,2578319000,54828253184,1729717376,0.7775,1.69,28.577,15.670063,20.01,0.227,3498917120,175355008
PSX,800,800,,65.25,14433999872,221210726,0.040999997,4.0999997,3537999872,2542000128,0.08505,9374000000,35928178688,2430874880,0.633,1.22,41.404,0.2845323,285.373,0.697,126000000000,438201984
PVH,900,800,2.199509,74.917,3962200064,52887863.42,0.0022,0.22,1275100032,952300032,0.58157,5324100000,3981725440,982212480,0.0028,-1.19,73.524,0.43493783,129.304,0.163,9154700288,69977600
PWR,800,800,1.171078,78.217,4002318080,51169414.32,0.0025,0.25,1052832000,485956000,0.15048,1953259000,17860825088,419312736,0.057800002,1.03,33.288,1.376004,92.173,0.347,12980212736,142499008
PXD,1100,3000,1.608823,34.308,7834999808,228372385.7,0.0471,4.71,6721999872,2112999936,0.52557,9392000000,54461411328,2933874944,0.32880002,0.5,95.006,3.0476446,76.695,1.763,17870000128,244134000
QCOM,1400,900,1.22598,117.647,15680000000,133280066.6,0.0222,2.22,14483999744,11159000064,0.58507,19304000000,143000000000,7258500096,0.2787,0.72,8.844,3.643765,34.87,0.407,39264002048,1120000000
RE,900,900,0.619607,32.421,3088945920,95276084.02,0.023599999,2.3599999,,1316775936,0.13539,1647910000,11034343424,1219048448,0.1842,0.14,253.398,0.9176654,307.711,0.07,12024364032,39369000
REG,1200,1400,1.133333,64.446,3937590016,61099059.93,0.0368,3.68,771222976,361411008,0.72863996,877185000,10154642432,537383232,0.8777,3.51,35.557,8.43502,7.072,0.151,1203867008,171212992
RF,1100,3100,1.310784,1,2343000064,2343000064,0.0342,3.42,,2310000128,0,6960000000,17874057216,,0.2759,0.36,17.752,2.6116388,7.202,-0.066,6844000256,953283008
RHI,800,1100,1.439215,19.194,265078000,13810461.6,0.0184,1.84,915192768,656267008,0.42254,2696028000,8337503744,,0.26610002,1.28,12.022,1.2122167,62.566,0.298,6877898240,111330000
RJF,1000,1100,1.082352,44.36,3838000128,86519389.72,0.0143,1.43,,1503000064,0.9426,9254000000,18432946176,,0.16950001,1.44,40.075,1.731606,51.625,0.101,10645000192,206162000
RL,1000,800,1.424019,126.288,3438700032,27229032.31,0.0275,2.75,1043900032,501600000,0.66511,2890700000,6599763968,839537472,0.3092,0.14,38.844,1.103123,81.15,0.267,5982799872,48735800
RMD,800,900,0.325,25.378,832086016,32787690.76,0.0085,0.85,1100116992,779475968,0.57546,1889459000,30547914752,201717120,0.31129998,1.36,20.767,8.63059,24.264,0.125,3539493120,145723008
ROK,1100,1100,1.438235,159.306,4471399936,28067994.53,0.022,2.2,1386800000,1004200000,0.4116,2897700000,23122550784,696550016,0.7964,2.34,20.6,3.1720788,62.853,0.187,7289399808,116013000
ROL,900,1000,0.594117,48.765,540084992,11075258.73,0.0117,1.17,538916992,330488992,0.51745,1261683000,17182349312,319308128,0.5373,5.61,2.239,6.9299703,5.038,0.103,2479426048,492048992
ROP,900,800,1.068137,55.005,7454300160,135520410.1,0.0058,0.58,2260000000,1000300032,0.67667,3917400000,41629655040,2501362432,0.2521,3.65,107.525,7.022191,56.219,-0.001,5928300032,105485000
ROST,1200,800,1.070588,138.475,5622138880,40600389.1,0.0135,1.35,2693531904,1722589056,0.32187,6088636000,24814366720,950903872,0.2341,0.49,11.262,1.311802,53.816,0.181,18916243456,353329984
RSG,1000,800,0.818137,110.052,9882300416,89796645.37,0.014099999,1.4099999,3343000064,1290400000,0.41151002,4648000000,41498222592,1247537536,0.4277,2.49,27.939,3.6740348,35.429,0.148,11294999552,317095008
RTX,800,800,0.883823,44.715,33098999808,740221397.9,0.0239,2.39,11349999616,4228000000,0.19994,12525000000,144000000000,5404499968,0.726,1.18,47.605,2.2181785,43.365,0.03,64853000192,1496780032
SBAC,800,900,0.432352,1,14936569856,14936569856,0.008,0.8,1551357056,437992000,0.74941003,1735729000,34815356928,820807488,0.6171,2.01,-45.29,14.62913,21.837,0.129,2379865088,108781000
SBNY,800,1300,1.762745,1,3430909952,3430909952,0.0118,1.18,,1028870016,0,1951374000,10865933312,,0.1311,1.34,128.188,5.057908,36.082,0.482,2148305920,60632400
SBUX,900,800,0.895098,1,23747500032,23747500032,0.025899999,2.5899999,6450699776,4392999936,0.2874,8435400000,,4055624960,0.50270003,3.11,,,25.812,0.193,30361600000,
SCHW,1000,1100,0.998039,1,,0,0.012200001,1.2200001,,,,,119000000000,,0.26709998,,,6.464691,,,,
SEE,800,900,1.244607,1517.41,3773799936,2487000.834,0.0128,1.28,1060499968,491200000,0.30375,1680900000,8551621632,464424992,0.22600001,1.26,0.855,1.5453435,36.672,0.142,5533799936,148156992
SHW,800,800,1.146078,559.007,12489900032,22343011.86,0.0088,0.88,3094200064,1825600000,0.41817,8542700000,58708307968,1400150016,0.32700002,1.96,10.284,2.8938453,77.804,0.074,20287299584,262196000
SJM,800,1000,0.299019,54.81,4531100160,82669223.86,0.0275,2.75,1576400000,576600000,0.3539,3142100000,13871547392,557825024,0.70919997,10.52,76.469,1.7591654,72.632,-0.009,7885300224,108363000
SLB,3000,800,2.037745,90.07,14085999616,156389470.6,0.0172,1.72,4678000128,2092000000,0.16427,3658000000,50158047232,1720375040,0.3401,0.66,9.526,2.1192346,16.864,0.141,23668000768,1402630016
SNA,800,800,1.190196,29.181,1260800000,43206195.81,0.026199998,2.6199998,1265400064,845299968,0.51532,2382800000,10548000768,335437504,0.3437,3.01,75.333,2.2567396,87.034,0.065,4673999872,53535000
SO,900,800,0.519117,170.295,56061001728,329199340.7,0.0369,3.69,7861000192,2289999872,0.41373003,10061000000,75574337536,-1740625024,1.2279,3.26,27.07,3.1686025,22.464,0.125,23850999808,1059800000
SPG,1000,1100,1.498529,586.902,25827952640,44007266.36,0.0582,5.82,3693957120,2246294016,0.81014,4143625000,31192516608,1693567232,1.1062,2.41,10.152,6.0986147,15.566,0.173,5114689024,328611008
SPGI,1000,1100,1.053431,89.812,4972000256,55360088.36,0.0101,1.01,4710000128,3024000000,0.73544997,6102000000,81231462400,2827249920,0.22219999,2.14,7.656,9.790462,34.456,0.118,8296999936,241000000
SRE,1200,1100,0.645098,93.329,25589999616,274191297.6,0.028399998,2.8399998,4638000128,1254000000,0.36595002,4705000000,47986769920,-315000000,1.4574001,2.73,74.185,3.7323458,41.241,0.212,12856999936,319336992
STE,800,900,0.639215,52.827,3499056896,66236146.21,0.008,0.8,1068353984,279071008,0.43556,1368778000,20619741184,136653120,0.5552,2.67,65.415,4.854092,45.264,0.495,4247909120,100023000
STT,800,900,1.553921,1,25835999232,25835999232,0.032899998,3.2899998,,2665999872,0,12060000000,22541027328,,0.3018,0.77,69.3,1.8503553,34.17,0.041,12181999616,365628992
STX,1800,900,1.02549,1340.618,5644000256,4209998.863,0.0347,3.47,2537999872,1855000064,0.29844,2917000000,15905116160,838499968,0.33830002,0.41,2.677,1.320365,53.777,0.026,12046000128,222636000
STZ,1000,1400,1.198039,90.923,10954200064,120477767.6,0.012999999,1.2999999,3352399872,-40400000,0.53408,4711000000,43698520064,1031500032,,2.27,59.573,4.9540873,46.265,0.077,8820700160,164264000
SWK,1200,800,1.364705,111.633,10443100160,93548504.12,0.025999999,2.5999999,2386599936,1290800000,0.32031,5233200000,17095640064,-1368649984,0.39259997,0.93,64.811,1.0459632,103.285,0.195,16344399872,163032992
SWKS,1200,900,1.095588,44.68,2383300096,53341541.99,0.0216,2.16,2003200000,1388899968,0.48251,2512400000,15321452544,861887488,0.26459998,0.76,32.045,2.9986207,30.943,0,5109499904,165387008
SYF,1300,800,1.594607,1,13360000000,13360000000,0.026199998,2.6199998,,4087000064,0,9466000000,15115294720,,0.1192,0.16,24.125,1.5925924,17.332,0.011,9491000320,547259008
SYK,800,1100,0.986764,97.022,14597999616,150460716.3,0.0119,1.19,4605000192,2015000064,0.65502,11262000000,75044347904,2408000000,0.50380003,2.71,37.584,4.3054705,46.191,0.081,17429999616,377240000
SYY,900,1300,1.25245,944.606,11843109888,12537618.74,0.0231,2.31,2800523008,785473984,0.17948,9356749000,43427090432,493255136,0.96910006,0.49,3.266,0.7149877,118.675,0.412,60738232320,512656000
T,800,800,0.646568,123.031,230000000000,1865562338,0.0559,5.59,54456000512,17136000000,0.53213,89057000000,150000000000,51255123968,0.65269995,-1.98,22.937,0.91808474,22.726,-0.133,163000000000,7141000192
TAP,800,800,0.95196,54.64,7466100224,136641658.6,0.0272,2.72,2316000000,1005699968,0.39431,4053400000,11853036544,796924992,0.215,5.32,61.206,1.1530527,47.35,0.142,10279700480,200584992
TECH,900,900,1.210294,20.912,356027008,17025009.95,0.0035,0.35,332496000,210424000,0.68188006,634415000,13621323776,246725504,0.2336,2.85,41.743,13.230045,26.372,0.201,1029574976,39295300
TEL,1200,1200,1.323039,38.402,4051000064,105489299.1,0.0179,1.79,3659000064,2502000128,0.32916,4887000000,36922314752,1214499968,0.2642,1.46,32.516,2.3839304,47.292,0.072,15488000000,326312992
TER,900,800,1.499509,6.883,170332000,24746767.4,0.0041,0.41,1290791936,971004992,0.59836,2206656000,14597008384,662705024,0.0765,2.6,15.498,3.970198,22.439,-0.034,3676645120,163004000
TFC,1000,900,1.143627,1,38919999488,38919999488,0.041500002,4.1500002,,6025999872,0,23109000000,63313833984,,0.42189997,3.45,46.616,2.7414522,17.326,-0.003,23094999040,1334889984
TFX,1000,900,1.05245,51.65,1960375040,37954986.25,0.0049,0.49,794417024,487619008,0.5518,1552902000,11516844032,664720896,0.13229999,1.84,78.086,4.0878243,60.176,0.012,2817352960,46845000
TGT,800,800,1.058823,128.378,16467000320,128269643.7,0.0164,1.64,11704000512,6945999872,0.29284,31042000000,67666681856,3888624896,0.2241,1.06,28.702,0.6383348,217.179,0.094,106000000000,479124000
TJX,800,800,0.956862,208.346,12506991616,60029909.94,0.020599999,2.0599999,5381934080,3282814976,0.35224998,17101549000,66622345216,1511903488,0.3852,1.36,5.396,1.3722425,40.459,0.266,48549982208,1192880000
TMO,1000,1100,0.82598,80.851,33255000064,411312167.6,0.0022,0.22,12812000256,7602999808,0.48382,19638000000,214000000000,5712875008,0.0563,2.46,98.237,5.205807,104.506,0.193,41123000320,394048000
TPR,800,800,1.422549,113.271,3315899904,29274041.05,0.024500001,2.4500001,1454499968,836300032,0.70589995,4073800000,8397364736,871950016,0.16950001,0.4,11.455,1.2897593,23.539,0.27,6510799872,275143008
TROW,1300,1200,,2.094,211800000,101146131.8,0.0394,3.94,3990299904,2820900096,0.60678,4678700000,26039185408,2807012608,0.35919997,0.9,36.523,3.3781588,34.034,0.02,7708100096,229198000
TRV,1300,1300,0.708823,28.557,7290999808,255313926.8,0.0215,2.15,5962999808,3918000128,0.2775,9475000000,41607503872,13898125312,0.2232,1.83,115.748,1.1782823,143.72,0.06,35312001024,246008992
TSCO,1200,900,0.983333,218.822,3916965888,17900238.04,0.0182,1.82,1671497984,1002987008,0.35099,4477153000,22063038464,180735248,0.2847,1.4,17.734,1.702014,113.821,0.083,12962900992,113815000
TSN,800,1000,0.761274,50.502,9363999744,185418394.2,0.020399999,2.0399999,6703000064,3700999936,0.15547,6861000000,31246749696,2777374976,0.16290002,1.31,48.556,0.630967,136.518,0.236,49521999872,293071008
TT,1300,800,1.3,84.255,5285400064,62730995.95,0.0194,1.94,2299899904,1444000000,0.31671,4477100000,30849318912,1415512448,0.398,0.84,27.264,2.1822612,59.222,0.123,14136399872,237540000
TXN,800,1100,0.946568,55.233,7742000128,140169828.3,0.0271,2.71,10638000128,8183000064,0.68676,12376000000,142000000000,4391249920,0.4966,1.87,13.159,7.4841647,20.536,0.144,18959998976,923526016
TXT,900,1000,1.710784,58.233,4028000000,69170401.66,0.0013,0.13,1318000000,769000000,0.15779,1943000000,13461354496,1276125056,0.0233,0.76,27.313,1.0765638,56.424,0.042,12504000512,220424992
UDR,900,1000,0.743627,121.819,5670699008,46550201.59,0.0312,3.12,804448000,156352000,0.65936995,857633000,14234923008,827238016,2.8431,-6.09,9.9,10.453573,4.455,0.184,1361728000,309185984
UHS,900,800,1.057843,78.272,4670425088,59669167.62,0.0064,0.64,1877097984,934656000,0.39564,5051039000,8094757376,396097984,0.0701,1.1,78.057,0.62642807,161.363,0.093,12922086400,73120200
UNH,1000,900,0.87745,61.165,47493001216,776473493.3,0.0119,1.19,26390999040,17450000384,0.23885,69652000000,484000000000,17170124800,0.3175,1.51,74.605,1.6258208,315.787,0.142,298000000000,941851008
UNP,1100,900,1.17549,284.399,33834999808,118970178.5,0.0225,2.25,11975999488,6812000256,0.58108,12747000000,137000000000,4572499968,0.4278,1.21,21.597,6.050064,35.139,0.172,22663000064,642876032
UPS,1000,800,1.113725,164.766,25429999616,154340092.1,0.0341,3.41,16476999680,10759999488,0.24434,26867000000,159000000000,8052375040,0.3742,0.98,13.856,1.6065005,112.93,0.064,98757001216,729158016
USB,1000,1100,1.006372,1,53973000192,53973000192,0.0379,3.79,,6896000000,0,23762000000,68238454784,,0.3879,1.05,32.222,2.9736123,15.456,-0.125,22947999744,1482800000
V,1000,800,0.921568,58.426,21027000320,359891149.8,0.0075,0.75,19018999808,13454999552,0.97186,23375000000,,11844625408,0.2182,1.52,,,12.766,0.255,26936999936,
VFC,1100,1000,1.504411,173.71,6346316800,36533975.02,0.042,4.2,1857988992,1197569024,0.55012,4911950000,17349181440,1496344064,0.64589995,0.32,9.162,1.4956386,29.66,0.22,11599848448,392782016
VICI,3200,2200,1.131681,40.96,4991843840,121871187.5,0.0525,5.25,1437027968,1013851008,0.97936,1478404000,18736302080,607096896,0.8758,1.97,19.159,12.411698,2.674,0.027,1509568000,628945984
VLO,800,800,1.981372,64.483,13160999936,204100304.5,0.031400003,3.1400003,6672999936,2531000064,0.05998,5487000000,43451088896,4647625216,0.6312,0.45,42.747,0.34549427,308.815,0.886,126000000000,408836000
VMC,1000,800,0.696078,71.069,4667599872,65677016.31,0.0095,0.95,1405500032,674099968,0.24736,1373400000,18857381888,358849984,0.3326,1.16,48.424,3.39638,41.809,0.367,5552200192,132705000
VNO,800,1300,1.194607,125.885,9068649472,72039158.53,0.0612,6.12,764041984,101052000,0.53241,907836000,5480159744,686537600,3.2818,3.53,26.668,3.2138853,8.902,0.13,1705150976,191680992
VRSK,800,900,0.877941,127.001,3609999872,28424972.02,0.007,0.7,1383399936,666200000,0.64724,1940800000,27895355392,710637504,0.1909,3.34,16.816,9.3027935,18.528,0.074,2998599936,161160992
VTR,1100,1100,1.191176,108.897,12224778240,112260009.4,0.0327,3.27,1537922048,49008000,0.45539,1738766000,20529620992,874961472,4.5,45.34,27.749,5.3768063,9.975,0.061,3818181120,399176000
VTRS,3000,28000,1.373529,113.982,23357999104,204927085.9,0.0433,4.33,6180800000,-1269100032,0.43328997,7749900000,12662312960,5429712384,3.2143,-2.4,17.481,0.7079336,14.797,0.198,17886300160,1209389952
VZ,1300,1100,0.368137,214.05,182000000000,851749591.2,0.0531,5.31,45108998144,21400000512,0.57462,77312000000,213000000000,5033625088,0.49560001,2.47,18.609,1.5862719,32.26,0.021,134000000000,4197760000
WAB,800,1000,1.574509,45.034,4543000064,100879337,0.0069,0.69,1454000000,593000000,0.31469,2430000000,15334266880,816350016,0.1609,2.53,54.372,1.9363893,42.416,0.053,7919000064,186820992
WBA,4000,1200,0.548529,121.734,38563999744,316789062.6,0.043899998,4.3899998,6026999808,5926000128,0.22022,28067000000,32743518208,7857249792,0.2778,3.49,27.062,0.24085325,157.211,0.03,136000000000,863945024
WEC,900,800,0.287745,140.578,15622899712,111133319,0.028499998,2.8499998,2861400064,1300300032,0.36112,3003100000,31745378304,-818950016,0.64339995,3.86,34.582,3.8173854,26.367,0.139,8316000256,315435008
WELL,1100,800,0.998529,77.462,14716193792,189979522.8,0.0276,2.76,1849168000,336137984,0.41338003,1960283000,35844894720,1799318656,2.7726998,7.53,38.742,7.5588417,11.159,0.167,4742114816,435275008
WFC,1400,1400,1.15098,1,202000000000,2.02E+11,0.0235,2.35,,19392999424,0,82948000000,156000000000,,0.1559,1.42,42.441,1.9105263,20.517,-0.061,81747001344,3987229952
WHR,800,800,1.708333,126.175,5986999808,47449968.76,0.0383,3.83,2615000064,1663000064,0.19083999,4409000000,9407283200,1805874944,0.2214,7.61,81.377,0.43659365,353.664,-0.082,21546999808,60743100
WM,1400,1200,0.87549,188.735,13486999552,71459981.2,0.0165,1.65,5082999808,1908000000,0.3777,6820000000,63993978880,2044625024,0.5243,2.38,17.146,3.4628775,44.147,0.134,18480001024,418316000
WMB,1100,800,1.303921,169.059,23839000576,141009946.7,0.048899997,4.8899997,4482999808,1514000000,0.48213002,5195000000,37921087488,1533750016,1.3792,4.71,9.195,3.5193584,8.867,0.416,10775000064,1215030016
WMT,800,900,0.55098,63.573,58417999872,918912114.8,0.0151,1.51,36600000512,13672999936,0.25099,144000000000,337000000000,14521499648,0.45169997,2.29,29.616,0.5888189,205.141,0.005,573000000000,2773880064
WRB,1000,800,0.788235,52.129,3475796992,66676839.99,0.0051,0.51,1976933504,1383602944,0.44661,4029355000,12057446400,,0.07,1.83,37.639,1.1804817,36.85,0.352,10214005760,176640000
WRK,900,1400,1.119117,76.277,8939499520,117197838.4,0.0216,2.16,2893199872,868400000,0.18029,3460100000,10481426432,1136762496,0.33,0.48,44.039,0.54316914,72.633,0.125,19296800768,263088000
WST,900,900,1.054411,14.238,331200000,23261694.06,0.0024,0.24,897800000,684400000,0.41254002,1175800000,22399477760,254662496,0.078,3.06,29.721,7.7751665,38.657,0.074,2880900096,74079696
WTW,800,1000,0.778921,49.038,5431000064,110750847.6,0.0159,1.59,2246000128,1710000000,0.45644,4048000000,,1926625024,0.2336,2.43,,,71.44,-0.031,8929999872,
WY,800,800,1.67549,49.36,5053000192,102370344.2,0.0186,1.86,4402999808,2696999936,0.41519,4098000000,24808370176,2595000064,0.33150002,2.52,13.843,2.2955835,14.425,0.242,10807000064,749044992
XEL,3200,900,0.366666,157.323,24750000128,157319655.3,0.026199998,2.6199998,4464000000,1615000064,0.38575,5205000000,38116712448,-1470749952,0.6221,3.28,28.175,2.7942755,25.226,0.059,13640999936,538675968
XOM,1000,900,1.156862,26.929,47537000448,1765271657,0.0396,3.96,53895000064,25789999104,0.31806,90045000000,365000000000,31484874752,0.5804,0.45,37.932,1.1798292,72.278,0.525,309000000000,4233540096
XRAY,1100,2200,0.868627,45.588,2299000064,50429939.11,0.013099999,1.3099999,986000000,421000000,0.55469,2358000000,7810828288,451624992,0.2708,1.67,23.431,1.8374096,19.464,0.006,4251000064,218607008
XYL,900,800,1.114215,85.307,2752000000,32259955.22,0.0143,1.43,827000000,427000000,0.38094002,1979000000,14097808384,252250000,0.4914,1.68,17.155,2.7137265,28.822,-0.036,5194999808,180324992
YUM,900,800,1.096568,1,12218999808,12218999808,0.0202,2.02,2300999936,1575000064,0.48086,3166000000,33273526272,1037249984,0.3764,2.44,-26.718,5.0536947,22.168,0.084,6584000000,293132992
ZBH,1100,800,1.20049,58.203,7372199936,126663572.9,0.0083,0.83,2370050048,396900000,0.70764,5537000000,21947873280,,0.71639997,2.63,60.836,2.8916068,36.386,-0.133,7590199808,208908000
ZION,1000,1400,1.265196,1,1327000064,1327000064,0.028399998,2.8399998,,969000000,0,3187000000,7963967488,,0.2403,-0.3,46.854,2.6026037,19.51,-0.15,3060000000,156463008
ZTS,1400,800,0.758333,149.472,6792000000,45439948.62,0.007900001,0.7900001,3207000064,2036999936,0.70486,5481000000,81325629440,1407874944,0.2466,2.89,9.884,10.458543,16.393,0.089,7776000000,473126016
