Date,Open,High,Low,Close,Volume
6/29/2022,3825.090088,3836.5,3799.02002,3818.830078,3458850000
6/28/2022,3913,3945.860107,3820.139893,3821.550049,3590980000
6/27/2022,3920.76001,3927.719971,3889.659912,3900.110107,3385120000
6/24/2022,3821.75,3913.649902,3821.75,3911.73999,6742870000
6/23/2022,3774.709961,3802.580078,3743.52002,3795.72998,4078100000
6/22/2022,3733.889893,3801.790039,3717.689941,3759.889893,4342270000
6/21/2022,3715.310059,3779.649902,3715.310059,3764.790039,4124600000
6/17/2022,3665.899902,3707.709961,3636.870117,3674.840088,6954110000
6/16/2022,3728.179932,3728.179932,3639.77002,3666.77002,4511200000
6/15/2022,3764.050049,3837.560059,3722.300049,3789.98999,4474610000
6/14/2022,3763.52002,3778.179932,3705.679932,3735.47998,4126400000
6/13/2022,3838.149902,3838.149902,3734.300049,3749.629883,4572820000
6/10/2022,3974.389893,3974.389893,3900.159912,3900.860107,3936120000
6/9/2022,4101.649902,4119.100098,4017.169922,4017.820068,3192330000
6/8/2022,4147.120117,4160.140137,4107.200195,4115.77002,3090180000
6/7/2022,4096.470215,4164.859863,4080.189941,4160.680176,3476470000
6/6/2022,4134.720215,4168.779785,4109.180176,4121.430176,3852050000
6/3/2022,4137.569824,4142.669922,4098.669922,4108.540039,3107080000
6/2/2022,4095.409912,4177.509766,4074.370117,4176.819824,3604930000
6/1/2022,4149.779785,4166.540039,4073.850098,4101.22998,4145710000
5/31/2022,4151.089844,4168.339844,4104.879883,4132.149902,5192220000
5/27/2022,4077.429932,4158.490234,4077.429932,4158.240234,3560560000
5/26/2022,3984.600098,4075.139893,3984.600098,4057.840088,3961940000
5/25/2022,3929.590088,3999.330078,3925.030029,3978.72998,4322190000
5/24/2022,3942.939941,3955.679932,3875.129883,3941.47998,3901640000
5/23/2022,3919.419922,3981.879883,3909.040039,3973.75,3392770000
5/20/2022,3927.76001,3943.419922,3810.320068,3901.360107,4278520000
5/19/2022,3899,3945.959961,3876.580078,3900.790039,4212140000
5/18/2022,4051.97998,4051.97998,3911.909912,3923.679932,4428960000
5/17/2022,4052,4090.719971,4033.929932,4088.850098,3846580000
5/16/2022,4013.02002,4046.459961,3983.98999,4008.01001,3824320000
5/13/2022,3963.899902,4038.879883,3963.899902,4023.889893,4142950000
5/12/2022,3903.949951,3964.800049,3858.870117,3930.080078,4964130000
5/11/2022,3990.080078,4049.090088,3928.820068,3935.179932,4683220000
5/10/2022,4035.179932,4068.820068,3958.169922,4001.050049,4630150000
5/9/2022,4081.27002,4081.27002,3975.47998,3991.23999,4746120000
5/6/2022,4128.169922,4157.689941,4067.909912,4123.339844,4254300000
5/5/2022,4270.430176,4270.430176,4106.009766,4146.870117,4197620000
5/4/2022,4181.180176,4307.660156,4148.910156,4300.169922,4236210000
5/3/2022,4159.779785,4200.100098,4147.080078,4175.47998,3877530000
5/2/2022,4130.609863,4169.810059,4062.51001,4155.379883,4474060000
4/29/2022,4253.75,4269.680176,4124.279785,4131.930176,3943480000
4/28/2022,4222.580078,4308.450195,4188.629883,4287.5,3969440000
4/27/2022,4186.52002,4240.709961,4162.899902,4183.959961,3876340000
4/26/2022,4278.140137,4278.140137,4175.040039,4175.200195,3760420000
4/25/2022,4255.339844,4299.02002,4200.819824,4296.120117,4061070000
4/22/2022,4385.830078,4385.830078,4267.620117,4271.779785,3930660000
4/21/2022,4489.169922,4512.939941,4384.470215,4393.660156,3833570000
4/20/2022,4472.259766,4488.290039,4448.759766,4459.450195,3678040000
4/19/2022,4390.629883,4471.029785,4390.629883,4462.209961,3197930000
4/18/2022,4385.629883,4410.310059,4370.299805,4391.689941,3509340000
4/14/2022,4449.120117,4460.459961,4390.77002,4392.589844,3634740000
4/13/2022,4394.299805,4453.919922,4392.700195,4446.589844,3273140000
4/12/2022,4437.589844,4471,4381.339844,4397.450195,3451990000
4/11/2022,4462.640137,4464.350098,4408.379883,4412.529785,3452540000
4/8/2022,4494.149902,4520.410156,4474.600098,4488.279785,3453040000
4/7/2022,4474.649902,4521.160156,4450.299805,4500.209961,4054010000
4/6/2022,4494.169922,4503.939941,4450.040039,4481.149902,4137080000
4/5/2022,4572.450195,4593.450195,4514.169922,4525.120117,3906230000
4/4/2022,4547.970215,4583.5,4539.209961,4582.640137,3833500000
4/1/2022,4540.319824,4548.700195,4507.569824,4545.859863,3828290000
3/31/2022,4599.02002,4603.069824,4530.410156,4530.410156,3782040000
3/30/2022,4624.200195,4627.77002,4581.319824,4602.450195,3665390000
3/29/2022,4602.859863,4637.299805,4589.660156,4631.600098,4239660000
3/28/2022,4541.089844,4575.649902,4517.689941,4575.52002,3696850000
3/25/2022,4522.910156,4546.029785,4501.069824,4543.060059,3577520000
3/24/2022,4469.97998,4520.580078,4465.169922,4520.160156,3573430000
3/23/2022,4493.100098,4501.069824,4455.810059,4456.240234,4014360000
3/22/2022,4469.100098,4522,4469.100098,4511.609863,3962880000
3/21/2022,4462.399902,4481.75,4424.299805,4461.180176,3961050000
3/18/2022,4407.339844,4465.399902,4390.569824,4463.120117,6681510000
3/17/2022,4345.109863,4412.669922,4335.649902,4411.669922,4174170000
3/16/2022,4288.140137,4358.899902,4251.990234,4357.859863,5002240000
3/15/2022,4188.819824,4271.049805,4187.899902,4262.450195,4331170000
3/14/2022,4202.75,4247.569824,4161.720215,4173.109863,4757600000
3/11/2022,4279.5,4291.009766,4200.490234,4204.310059,3877430000
3/10/2022,4252.549805,4268.279785,4209.799805,4259.52002,4008690000
3/9/2022,4223.100098,4299.399902,4223.100098,4277.879883,4220180000
3/8/2022,4202.660156,4276.939941,4157.870117,4170.700195,6237000000
3/7/2022,4327.009766,4327.009766,4199.850098,4201.089844,5506330000
3/4/2022,4342.120117,4342.120117,4284.97998,4328.870117,4558250000
3/3/2022,4401.310059,4416.779785,4345.560059,4363.490234,4062080000
3/2/2022,4322.560059,4401.47998,4322.560059,4386.540039,4409090000
3/1/2022,4363.140137,4378.450195,4279.540039,4306.259766,4679400000
2/28/2022,4354.169922,4388.839844,4315.120117,4373.939941,4594010000
2/25/2022,4298.379883,4385.339844,4286.830078,4384.649902,3941780000
2/24/2022,4155.77002,4294.72998,4114.649902,4288.700195,5070560000
2/23/2022,4324.930176,4341.509766,4221.509766,4225.5,3814340000
2/22/2022,4332.740234,4362.120117,4267.109863,4304.759766,4007780000
2/18/2022,4384.569824,4394.600098,4327.220215,4348.870117,3871340000
2/17/2022,4456.060059,4456.060059,4373.810059,4380.259766,3596510000
2/16/2022,4455.75,4489.549805,4429.680176,4475.009766,3478750000
2/15/2022,4429.279785,4472.77002,4429.279785,4471.069824,3363200000
2/14/2022,4412.609863,4426.220215,4364.839844,4401.669922,3466170000
2/11/2022,4506.27002,4526.330078,4401.410156,4418.640137,4164960000
2/10/2022,4553.240234,4588.919922,4484.310059,4504.080078,4490500000
2/9/2022,4547,4590.029785,4547,4587.180176,3662810000
2/8/2022,4480.02002,4531.319824,4465.399902,4521.540039,3509330000
2/7/2022,4505.75,4521.859863,4471.470215,4483.870117,3291600000
2/4/2022,4482.790039,4539.660156,4451.5,4500.529785,3673700000
2/3/2022,4535.410156,4542.879883,4470.390137,4477.439941,3596830000
2/2/2022,4566.390137,4595.310059,4544.319824,4589.379883,3777170000
2/1/2022,4519.569824,4550.490234,4483.529785,4546.540039,3796450000
1/31/2022,4431.790039,4516.890137,4414.02002,4515.549805,4001950000
1/28/2022,4336.189941,4432.720215,4292.459961,4431.850098,3936030000
1/27/2022,4380.580078,4428.740234,4309.5,4326.509766,4074330000
1/26/2022,4408.430176,4453.22998,4304.799805,4349.930176,4046270000
1/25/2022,4366.640137,4411.009766,4287.109863,4356.450195,3989420000
1/24/2022,4356.319824,4417.350098,4222.620117,4410.129883,5172540000
1/21/2022,4471.379883,4494.52002,4395.339844,4397.939941,3945810000
1/20/2022,4547.350098,4602.109863,4477.950195,4482.72998,3473060000
1/19/2022,4588.029785,4611.549805,4530.200195,4532.759766,3387370000
1/18/2022,4632.240234,4632.240234,4568.700195,4577.109863,3324960000
1/14/2022,4637.990234,4665.129883,4614.75,4662.850098,3483530000
1/13/2022,4733.560059,4744.129883,4650.290039,4659.029785,3539830000
1/12/2022,4728.589844,4748.830078,4706.709961,4726.350098,3060040000
1/11/2022,4669.140137,4714.129883,4638.27002,4713.069824,3421600000
1/10/2022,4655.339844,4673.02002,4582.240234,4670.290039,3621800000
1/7/2022,4697.660156,4707.950195,4662.740234,4677.029785,3279870000
1/6/2022,4693.390137,4725.009766,4671.259766,4696.049805,3371250000
1/5/2022,4787.990234,4797.700195,4699.439941,4700.580078,3733540000
1/4/2022,4804.509766,4818.620117,4774.27002,4793.540039,3641050000
1/3/2022,4778.140137,4796.640137,4758.169922,4796.560059,2775190000
12/31/2021,4775.209961,4786.830078,4765.75,4766.180176,2446190000
12/30/2021,4794.22998,4808.930176,4775.330078,4778.72998,2390990000
12/29/2021,4788.640137,4804.060059,4778.080078,4793.060059,2369370000
12/28/2021,4795.490234,4807.02002,4780.040039,4786.350098,2217050000
12/27/2021,4733.990234,4791.490234,4733.990234,4791.189941,2264120000
12/23/2021,4703.959961,4740.740234,4703.959961,4725.790039,2194630000
12/22/2021,4650.359863,4697.669922,4645.529785,4696.560059,2439570000
12/21/2021,4594.959961,4651.140137,4583.160156,4649.22998,2564370000
12/20/2021,4587.899902,4587.899902,4531.100098,4568.02002,3395780000
12/17/2021,4652.5,4666.700195,4600.220215,4620.640137,5609780000
12/16/2021,4719.129883,4731.990234,4651.890137,4668.669922,3592810000
12/15/2021,4636.459961,4712.600098,4611.220215,4709.850098,3367580000
12/14/2021,4642.990234,4660.470215,4606.52002,4634.089844,3292740000
12/13/2021,4710.299805,4710.299805,4667.600098,4668.970215,3322050000
12/10/2021,4687.640137,4713.569824,4670.240234,4712.02002,2858310000
12/9/2021,4691,4695.259766,4665.97998,4667.450195,2851660000
12/8/2021,4690.859863,4705.060059,4674.52002,4701.209961,3061550000
12/7/2021,4631.970215,4694.040039,4631.970215,4686.75,3334320000
12/6/2021,4548.370117,4612.600098,4540.509766,4591.669922,3305690000
12/3/2021,4589.490234,4608.029785,4495.120117,4538.430176,3971500000
12/2/2021,4504.72998,4595.459961,4504.72998,4577.100098,3771510000
12/1/2021,4602.819824,4652.939941,4510.27002,4513.040039,4078260000
11/30/2021,4640.25,4646.02002,4560,4567,4950190000
11/29/2021,4628.75,4672.950195,4625.259766,4655.27002,3471380000
11/26/2021,4664.629883,4664.629883,4585.430176,4594.620117,2676740000
11/24/2021,4675.779785,4702.870117,4659.890137,4701.459961,2464040000
11/23/2021,4678.47998,4699.390137,4652.660156,4690.700195,3428780000
11/22/2021,4712,4743.830078,4682.169922,4682.939941,3206280000
11/19/2021,4708.439941,4717.75,4694.220215,4697.959961,3265600000
11/18/2021,4700.720215,4708.799805,4672.779785,4704.540039,3335620000
11/17/2021,4701.5,4701.5,4684.410156,4688.669922,3221250000
11/16/2021,4679.419922,4714.950195,4679.419922,4700.899902,2838210000
11/15/2021,4689.299805,4697.419922,4672.859863,4682.799805,2618980000
11/12/2021,4655.240234,4688.470215,4650.77002,4682.850098,2865790000
11/11/2021,4659.390137,4664.549805,4648.310059,4649.27002,2623140000
11/10/2021,4670.259766,4684.850098,4630.859863,4646.709961,3581630000
11/9/2021,4707.25,4708.529785,4670.870117,4685.25,3110230000
11/8/2021,4701.47998,4714.919922,4694.390137,4701.700195,3465720000
11/5/2021,4699.259766,4718.5,4681.319824,4697.529785,3491150000
11/4/2021,4662.930176,4683,4662.589844,4680.060059,3332940000
11/3/2021,4630.649902,4663.459961,4621.189941,4660.569824,3339440000
11/2/2021,4613.339844,4635.149902,4613.339844,4630.649902,3309690000
11/1/2021,4610.620117,4620.339844,4595.060059,4613.669922,2924000000
10/29/2021,4572.870117,4608.080078,4567.589844,4605.379883,3632260000
10/28/2021,4562.839844,4597.549805,4562.839844,4596.419922,3197560000
10/27/2021,4580.220215,4584.569824,4551.660156,4551.680176,3259510000
10/26/2021,4578.689941,4598.529785,4569.169922,4574.790039,2866500000
10/25/2021,4553.689941,4572.620117,4537.359863,4566.47998,3250210000
10/22/2021,4546.120117,4559.669922,4524,4544.899902,3062810000
10/21/2021,4532.240234,4551.439941,4526.890137,4549.779785,3016950000
10/20/2021,4524.419922,4540.870117,4524.399902,4536.189941,2671560000
10/19/2021,4497.339844,4520.399902,4496.410156,4519.629883,2531210000
10/18/2021,4463.720215,4488.75,4447.470215,4486.459961,2683540000
10/15/2021,4447.689941,4475.819824,4447.689941,4471.370117,3000560000
10/14/2021,4386.75,4439.72998,4386.75,4438.259766,2642920000
10/13/2021,4358.009766,4372.870117,4329.919922,4363.799805,2926460000
10/12/2021,4368.310059,4374.890137,4342.089844,4350.649902,2608150000
10/11/2021,4385.439941,4415.879883,4360.589844,4361.189941,2580000000
10/8/2021,4406.509766,4412.02002,4386.220215,4391.339844,2401890000
10/7/2021,4383.72998,4429.970215,4383.72998,4399.759766,3096080000
10/6/2021,4319.569824,4365.569824,4290.490234,4363.549805,3219590000
10/5/2021,4309.870117,4369.22998,4309.870117,4345.720215,2967400000
10/4/2021,4348.839844,4355.509766,4278.939941,4300.459961,3110560000
10/1/2021,4317.160156,4375.189941,4288.52002,4357.040039,3148980000
9/30/2021,4370.669922,4382.549805,4306.240234,4307.540039,3123770000
9/29/2021,4362.410156,4385.569824,4355.080078,4359.459961,2753800000
9/28/2021,4419.540039,4419.540039,4346.330078,4352.629883,3495970000
9/27/2021,4442.120117,4457.299805,4436.189941,4443.109863,3032870000
9/24/2021,4438.040039,4463.120117,4430.27002,4455.47998,2772090000
9/23/2021,4406.75,4465.399902,4406.75,4448.97998,2833290000
9/22/2021,4367.430176,4416.75,4367.430176,4395.640137,3273670000
9/21/2021,4374.450195,4394.870117,4347.959961,4354.189941,3044300000
9/20/2021,4402.950195,4402.950195,4305.910156,4357.72998,3773680000
9/17/2021,4469.740234,4471.52002,4427.759766,4432.990234,5622210000
9/16/2021,4477.089844,4485.870117,4443.799805,4473.75,3321030000
9/15/2021,4447.490234,4486.870117,4438.370117,4480.700195,3154760000
9/14/2021,4479.330078,4485.680176,4435.459961,4443.049805,2568730000
9/13/2021,4474.810059,4492.990234,4445.700195,4468.72998,3096390000
9/10/2021,4506.919922,4520.470215,4457.660156,4458.580078,2851140000
9/9/2021,4513.02002,4529.899902,4492.069824,4493.279785,3035300000
9/8/2021,4518.089844,4521.790039,4493.950195,4514.069824,2808480000
9/7/2021,4535.379883,4535.379883,4513,4520.029785,3098870000
9/3/2021,4532.419922,4541.450195,4521.299805,4535.430176,2609660000
9/2/2021,4534.47998,4545.850098,4524.660156,4536.950195,2897010000
9/1/2021,4528.799805,4537.109863,4522.02002,4524.089844,3101830000
8/31/2021,4529.75,4531.390137,4515.799805,4522.680176,3090380000
8/30/2021,4513.759766,4537.359863,4513.759766,4528.790039,2557300000
8/27/2021,4474.100098,4513.330078,4474.100098,4509.370117,2862360000
8/26/2021,4493.75,4495.899902,4468.990234,4470,2704600000
8/25/2021,4490.450195,4501.709961,4485.660156,4496.189941,2554680000
8/24/2021,4484.399902,4492.810059,4482.279785,4486.22998,3037770000
8/23/2021,4450.290039,4489.879883,4450.290039,4479.529785,2965520000
8/20/2021,4410.560059,4444.350098,4406.799805,4441.669922,2867770000
8/19/2021,4382.439941,4418.609863,4367.72998,4405.799805,3120840000
8/18/2021,4440.939941,4454.319824,4397.589844,4400.27002,2965210000
8/17/2021,4462.120117,4462.120117,4417.830078,4448.080078,2884000000
8/16/2021,4461.649902,4480.259766,4437.660156,4479.709961,2707170000
8/13/2021,4464.839844,4468.370117,4460.819824,4468,2371630000
8/12/2021,4446.080078,4461.77002,4435.959961,4460.830078,2543860000
8/11/2021,4442.180176,4449.439941,4436.419922,4442.410156,2803060000
8/10/2021,4435.790039,4445.209961,4430.029785,4436.75,3219840000
8/9/2021,4437.77002,4439.390137,4424.740234,4432.350098,2779880000
8/6/2021,4429.069824,4440.819824,4429.069824,4436.52002,2839970000
8/5/2021,4408.859863,4429.759766,4408.859863,4429.100098,2734220000
8/4/2021,4415.950195,4416.169922,4400.22998,4402.660156,3382620000
8/3/2021,4392.740234,4423.790039,4373,4423.149902,3305340000
8/2/2021,4406.859863,4422.180176,4384.810059,4387.160156,2919940000
7/30/2021,4395.120117,4412.25,4389.649902,4395.259766,2861600000
7/29/2021,4403.589844,4429.970215,4403.589844,4419.149902,2815510000
7/28/2021,4402.950195,4415.470215,4387.009766,4400.640137,3215130000
7/27/2021,4416.379883,4416.379883,4372.509766,4401.459961,3381080000
7/26/2021,4409.580078,4422.72998,4405.450195,4422.299805,2679110000
7/23/2021,4381.200195,4415.180176,4381.200195,4411.790039,3490730000
7/22/2021,4361.27002,4369.870117,4350.060059,4367.47998,2907910000
7/21/2021,4331.129883,4359.700195,4331.129883,4358.689941,3078550000
7/20/2021,4265.109863,4336.839844,4262.049805,4323.060059,3634190000
7/19/2021,4296.399902,4296.399902,4233.129883,4258.490234,4155790000
7/16/2021,4367.430176,4375.089844,4322.529785,4327.160156,3165160000
7/15/2021,4369.02002,4369.02002,4340.700195,4360.029785,3226930000
7/14/2021,4380.109863,4393.680176,4362.359863,4374.299805,3213870000
7/13/2021,4381.069824,4392.370117,4366.919922,4369.209961,3166900000
7/12/2021,4372.410156,4386.680176,4364.029785,4384.629883,2983980000
7/9/2021,4329.379883,4371.600098,4329.379883,4369.549805,2738280000
7/8/2021,4321.069824,4330.879883,4289.370117,4320.819824,3393780000
7/7/2021,4351.009766,4361.879883,4329.790039,4358.129883,3243900000
7/6/2021,4356.459961,4356.459961,4314.370117,4343.540039,3437900000
7/2/2021,4326.600098,4355.430176,4326.600098,4352.339844,2628550000
7/1/2021,4300.72998,4320.660156,4300.72998,4319.939941,3077580000
6/30/2021,4290.649902,4302.430176,4287.959961,4297.5,3687880000
6/29/2021,4293.209961,4300.52002,4287.040039,4291.799805,3049560000
6/28/2021,4284.899902,4292.140137,4274.669922,4290.609863,3415610000
6/25/2021,4274.450195,4286.120117,4271.160156,4280.700195,6248390000
6/24/2021,4256.970215,4271.279785,4256.970215,4266.490234,3141680000
6/23/2021,4249.27002,4256.600098,4241.430176,4241.839844,3172440000
6/22/2021,4224.609863,4255.839844,4217.27002,4246.439941,3208760000
6/21/2021,4173.399902,4226.240234,4173.399902,4224.790039,3391740000
6/18/2021,4204.779785,4204.779785,4164.399902,4166.450195,6084980000
6/17/2021,4220.370117,4232.290039,4196.049805,4221.859863,3952110000
6/16/2021,4248.870117,4251.890137,4202.450195,4223.700195,3722050000
6/15/2021,4255.279785,4257.160156,4238.350098,4246.589844,3578450000
6/14/2021,4248.310059,4255.589844,4234.069824,4255.149902,3612050000
6/11/2021,4242.899902,4248.379883,4232.25,4247.439941,3204280000
6/10/2021,4228.560059,4249.740234,4220.339844,4239.180176,3502480000
6/9/2021,4232.990234,4237.089844,4218.740234,4219.549805,3902870000
6/8/2021,4233.810059,4236.740234,4208.410156,4227.259766,3943870000
6/7/2021,4229.339844,4232.339844,4215.660156,4226.52002,3835570000
6/4/2021,4206.049805,4233.450195,4206.049805,4229.890137,3487070000
6/3/2021,4191.430176,4204.390137,4167.930176,4192.850098,4579450000
6/2/2021,4206.819824,4217.370117,4198.27002,4208.120117,4860930000
6/1/2021,4216.52002,4234.120117,4197.589844,4202.040039,4122960000
5/28/2021,4210.77002,4218.359863,4203.569824,4204.109863,4199270000
5/27/2021,4201.939941,4213.379883,4197.779785,4200.879883,5201110000
5/26/2021,4191.589844,4202.609863,4184.109863,4195.990234,3674490000
5/25/2021,4205.939941,4213.419922,4182.52002,4188.129883,3420870000
5/24/2021,4170.160156,4209.52002,4170.160156,4197.049805,2947400000
5/21/2021,4168.609863,4188.720215,4151.720215,4155.859863,3344620000
5/20/2021,4121.970215,4172.799805,4121.970215,4159.120117,3019060000
5/19/2021,4098.450195,4116.930176,4061.409912,4115.680176,3485550000
5/18/2021,4165.939941,4169.149902,4125.990234,4127.830078,3559790000
5/17/2021,4169.919922,4171.919922,4142.689941,4163.290039,3307130000
5/14/2021,4129.580078,4183.129883,4129.580078,4173.850098,3251920000
5/13/2021,4074.98999,4131.580078,4074.98999,4112.5,3687780000
5/12/2021,4130.549805,4134.72998,4056.879883,4063.040039,3735080000
5/11/2021,4150.339844,4162.040039,4111.529785,4152.100098,3593110000
5/10/2021,4228.290039,4236.390137,4188.129883,4188.430176,3678970000
5/7/2021,4210.339844,4238.040039,4201.640137,4232.600098,4013060000
5/6/2021,4169.140137,4202.700195,4147.330078,4201.620117,4504860000
5/5/2021,4177.060059,4187.720215,4160.939941,4167.589844,4029050000
5/4/2021,4179.040039,4179.040039,4128.589844,4164.660156,4441080000
5/3/2021,4191.97998,4209.390137,4188.029785,4192.660156,4061170000
4/30/2021,4198.100098,4198.100098,4174.850098,4181.169922,4273680000
4/29/2021,4206.140137,4218.779785,4176.810059,4211.470215,4288940000
4/28/2021,4185.140137,4201.529785,4181.779785,4183.180176,3772390000
4/27/2021,4188.25,4193.350098,4176.220215,4186.720215,3703240000
4/26/2021,4185.029785,4194.189941,4182.359863,4187.620117,3738920000
4/23/2021,4138.779785,4194.169922,4138.779785,4180.169922,3568080000
4/22/2021,4170.459961,4179.569824,4123.689941,4134.97998,4235040000
4/21/2021,4128.419922,4175.02002,4126.350098,4173.419922,3865820000
4/20/2021,4159.180176,4159.180176,4118.379883,4134.939941,4338230000
4/19/2021,4179.799805,4180.810059,4150.470215,4163.259766,3788020000
4/16/2021,4174.140137,4191.310059,4170.75,4185.470215,4157430000
4/15/2021,4139.759766,4173.490234,4139.759766,4170.419922,4027680000
4/14/2021,4141.580078,4151.689941,4120.870117,4124.660156,3976540000
4/13/2021,4130.100098,4148,4124.430176,4141.589844,3728440000
4/12/2021,4124.709961,4131.759766,4114.819824,4127.990234,3578500000
4/9/2021,4096.109863,4129.47998,4095.51001,4128.799805,3634910000
4/8/2021,4089.949951,4098.189941,4082.540039,4097.169922,3901910000
4/7/2021,4074.290039,4083.129883,4068.310059,4079.949951,4112640000
4/6/2021,4075.570068,4086.22998,4068.139893,4073.939941,4027880000
4/5/2021,4034.439941,4083.419922,4034.439941,4077.909912,3999760000
4/1/2021,3992.780029,4020.629883,3992.780029,4019.870117,4151240000
3/31/2021,3967.25,3994.409912,3966.97998,3972.889893,4564980000
3/30/2021,3963.340088,3968.01001,3944.350098,3958.550049,4103570000
3/29/2021,3969.310059,3981.830078,3943.25,3971.090088,4619840000
3/26/2021,3917.120117,3978.189941,3917.120117,3974.540039,5467850000
3/25/2021,3879.340088,3919.540039,3853.5,3909.52002,4940800000
3/24/2021,3919.929932,3942.080078,3889.070068,3889.139893,4766990000
3/23/2021,3937.600098,3949.129883,3901.570068,3910.52002,4645340000
3/22/2021,3916.47998,3955.310059,3914.159912,3940.590088,4311380000
3/19/2021,3913.139893,3930.120117,3886.75,3913.100098,7725050000
3/18/2021,3953.5,3969.620117,3910.860107,3915.459961,4043170000
3/17/2021,3949.570068,3983.870117,3935.73999,3974.120117,4541620000
3/16/2021,3973.590088,3981.040039,3953.439941,3962.709961,4604870000
3/15/2021,3942.959961,3970.080078,3923.540039,3968.939941,4882190000
3/12/2021,3924.52002,3944.98999,3915.209961,3943.340088,4469240000
3/11/2021,3915.540039,3960.27002,3915.540039,3939.340088,5300010000
3/10/2021,3891.98999,3917.350098,3885.72998,3898.810059,5827250000
3/9/2021,3851.929932,3903.76001,3851.929932,3875.439941,5496340000
3/8/2021,3844.389893,3881.060059,3819.25,3821.350098,5852240000
3/5/2021,3793.580078,3851.689941,3730.189941,3841.939941,6842570000
3/4/2021,3818.530029,3843.669922,3723.340088,3768.469971,7142240000
3/3/2021,3863.98999,3874.469971,3818.860107,3819.719971,6150790000
3/2/2021,3903.639893,3906.409912,3868.570068,3870.290039,5493690000
3/1/2021,3842.51001,3914.5,3842.51001,3901.820068,5071540000
2/26/2021,3839.659912,3861.080078,3789.540039,3811.149902,6512950000
2/25/2021,3915.800049,3925.02002,3814.040039,3829.340088,6513060000
2/24/2021,3873.709961,3928.649902,3859.600098,3925.429932,5942350000
2/23/2021,3857.070068,3895.97998,3805.590088,3881.370117,6280650000
2/22/2021,3885.550049,3902.919922,3874.709961,3876.5,5870190000
2/19/2021,3921.159912,3930.409912,3903.070068,3906.709961,4823940000
2/18/2021,3915.860107,3921.97998,3885.030029,3913.969971,4773430000
2/17/2021,3918.5,3933.610107,3900.429932,3931.330078,4718280000
2/16/2021,3939.610107,3950.429932,3923.850098,3932.590088,5037360000
2/12/2021,3911.649902,3937.22998,3905.780029,3934.830078,4119260000
2/11/2021,3916.399902,3925.98999,3890.389893,3916.379883,4570080000
2/10/2021,3920.780029,3931.5,3884.939941,3909.879883,4815380000
2/9/2021,3910.48999,3918.350098,3902.639893,3911.22998,4554610000
2/8/2021,3892.590088,3915.77002,3892.590088,3915.590088,4635030000
2/5/2021,3878.300049,3894.560059,3874.929932,3886.830078,4838580000
2/4/2021,3836.659912,3872.419922,3836.659912,3871.73999,4856670000
2/3/2021,3840.27002,3847.51001,3816.679932,3830.169922,4846900000
2/2/2021,3791.840088,3843.090088,3791.840088,3826.310059,5495370000
2/1/2021,3731.169922,3784.320068,3725.620117,3773.860107,5392870000
1/29/2021,3778.050049,3778.050049,3694.120117,3714.23999,6612570000
1/28/2021,3755.75,3830.5,3755.75,3787.379883,6937960000
1/27/2021,3836.830078,3836.830078,3732.47998,3750.77002,9878040000
1/26/2021,3862.959961,3870.899902,3847.780029,3849.620117,6029090000
1/25/2021,3851.679932,3859.22998,3797.159912,3855.360107,6955860000
1/22/2021,3844.23999,3852.310059,3830.409912,3841.469971,5080430000
1/21/2021,3857.459961,3861.449951,3845.050049,3853.070068,4484460000
1/20/2021,3816.219971,3859.75,3816.219971,3851.850098,4551790000
1/19/2021,3781.879883,3804.530029,3780.370117,3798.909912,4982940000
1/15/2021,3788.72998,3788.72998,3749.620117,3768.25,5353060000
1/14/2021,3814.97998,3823.600098,3792.860107,3795.540039,5180140000
1/13/2021,3802.22998,3820.959961,3791.5,3809.840088,4590420000
1/12/2021,3801.620117,3810.780029,3776.51001,3801.189941,4977210000
1/11/2021,3803.139893,3817.860107,3789.02002,3799.610107,4450500000
1/8/2021,3815.050049,3826.689941,3783.600098,3824.679932,4764180000
1/7/2021,3764.709961,3811.550049,3764.709961,3803.790039,5080870000
1/6/2021,3712.199951,3783.040039,3705.340088,3748.139893,6049970000
1/5/2021,3698.02002,3737.830078,3695.070068,3726.860107,4582620000
1/4/2021,3764.610107,3769.98999,3662.709961,3700.649902,5006680000
12/31/2020,3733.27002,3760.199951,3726.879883,3756.070068,3172510000
12/30/2020,3736.189941,3744.629883,3730.209961,3732.040039,3145200000
12/29/2020,3750.01001,3756.120117,3723.310059,3727.040039,3387030000
12/28/2020,3723.030029,3740.51001,3723.030029,3735.360107,3527460000
12/24/2020,3694.030029,3703.820068,3689.320068,3703.060059,1885090000
12/23/2020,3693.419922,3711.23999,3689.280029,3690.01001,3772630000
12/22/2020,3698.080078,3698.26001,3676.159912,3687.26001,4023940000
12/21/2020,3684.280029,3702.899902,3636.47998,3694.919922,4732160000
12/18/2020,3722.389893,3726.699951,3685.840088,3709.409912,7068340000
12/17/2020,3713.649902,3725.120117,3710.870117,3722.47998,4184930000
12/16/2020,3696.25,3711.27002,3688.570068,3701.169922,4056950000
12/15/2020,3666.409912,3695.290039,3659.620117,3694.620117,4360280000
12/14/2020,3675.27002,3697.610107,3645.840088,3647.48999,4594920000
12/11/2020,3656.080078,3665.909912,3633.399902,3663.459961,4367150000
12/10/2020,3659.129883,3678.48999,3645.179932,3668.100098,4618240000
12/9/2020,3705.97998,3712.389893,3660.540039,3672.820068,5209940000
12/8/2020,3683.050049,3708.449951,3678.830078,3702.25,4549670000
12/7/2020,3694.72998,3697.409912,3678.879883,3691.959961,4788560000
12/4/2020,3670.939941,3699.199951,3670.939941,3699.120117,5086370000
12/3/2020,3668.280029,3682.72998,3657.169922,3666.719971,5091760000
12/2/2020,3653.780029,3670.959961,3644.840088,3669.01001,5029620000
12/1/2020,3645.870117,3678.449951,3645.870117,3662.449951,5403660000
11/30/2020,3634.179932,3634.179932,3594.389893,3621.629883,6291400000
11/27/2020,3638.550049,3644.310059,3629.330078,3638.350098,2778450000
11/25/2020,3635.5,3635.5,3617.76001,3629.649902,4902560000
11/24/2020,3594.52002,3642.310059,3594.52002,3635.409912,6267570000
11/23/2020,3566.820068,3589.810059,3552.77002,3577.590088,5036290000
11/20/2020,3579.310059,3581.22998,3556.850098,3557.540039,4218970000
11/19/2020,3559.409912,3585.219971,3543.840088,3581.870117,4347200000
11/18/2020,3612.090088,3619.090088,3567.330078,3567.790039,5274450000
11/17/2020,3610.310059,3623.110107,3588.679932,3609.530029,4799570000
11/16/2020,3600.159912,3628.51001,3600.159912,3626.909912,5281980000
11/13/2020,3552.570068,3593.659912,3552.570068,3585.149902,4709670000
11/12/2020,3562.669922,3569.02002,3518.580078,3537.01001,4890120000
11/11/2020,3563.219971,3581.159912,3557,3572.659912,4609970000
11/10/2020,3543.26001,3557.219971,3511.909912,3545.530029,6024230000
11/9/2020,3583.040039,3645.98999,3547.47998,3550.5,8556610000
11/6/2020,3508.340088,3521.580078,3484.340088,3509.439941,4833950000
11/5/2020,3485.73999,3529.050049,3485.73999,3510.449951,4841190000
11/4/2020,3406.459961,3486.25,3405.169922,3443.439941,4783040000
11/3/2020,3336.25,3389.48999,3336.25,3369.159912,4220070000
11/2/2020,3296.199951,3330.139893,3279.73999,3310.23999,4310590000
10/30/2020,3293.590088,3304.929932,3233.939941,3269.959961,4840450000
10/29/2020,3277.169922,3341.050049,3259.820068,3310.110107,4903070000
10/28/2020,3342.47998,3342.47998,3268.889893,3271.030029,5129860000
10/27/2020,3403.149902,3409.51001,3388.709961,3390.679932,3946990000
10/26/2020,3441.419922,3441.419922,3364.860107,3400.969971,3988080000
10/23/2020,3464.899902,3466.459961,3440.449951,3465.389893,3646570000
10/22/2020,3438.5,3460.530029,3415.340088,3453.48999,4163630000
10/21/2020,3439.909912,3464.860107,3433.060059,3435.560059,4097750000
10/20/2020,3439.379883,3476.929932,3435.649902,3443.120117,3901260000
10/19/2020,3493.659912,3502.419922,3419.929932,3426.919922,4086200000
10/16/2020,3493.5,3515.76001,3480.449951,3483.810059,4675890000
10/15/2020,3453.719971,3489.080078,3440.889893,3483.340088,3717640000
10/14/2020,3515.469971,3527.939941,3480.550049,3488.669922,3840630000
10/13/2020,3534.01001,3534.01001,3500.860107,3511.929932,3605150000
10/12/2020,3500.02002,3549.850098,3499.610107,3534.219971,3428970000
10/9/2020,3459.669922,3482.340088,3458.070068,3477.139893,3939060000
10/8/2020,3434.280029,3447.280029,3428.149902,3446.830078,3856190000
10/7/2020,3384.560059,3426.26001,3384.560059,3419.439941,3807830000
10/6/2020,3408.73999,3431.560059,3354.540039,3360.969971,4443380000
10/5/2020,3367.27002,3409.570068,3367.27002,3408.600098,3686920000
10/2/2020,3338.939941,3369.100098,3323.689941,3348.419922,3961550000
10/1/2020,3385.870117,3397.179932,3361.389893,3380.800049,4070530000
9/30/2020,3341.209961,3393.560059,3340.469971,3363,4722530000
9/29/2020,3350.919922,3357.919922,3327.540039,3335.469971,3651880000
9/28/2020,3333.899902,3360.73999,3332.909912,3351.600098,3946060000
9/25/2020,3236.659912,3306.879883,3228.439941,3298.459961,3792220000
9/24/2020,3226.139893,3278.699951,3209.449951,3246.590088,4599470000
9/23/2020,3320.110107,3323.350098,3232.570068,3236.919922,4364500000
9/22/2020,3295.75,3320.310059,3270.949951,3315.570068,3963300000
9/21/2020,3285.570068,3285.570068,3229.100098,3281.060059,4828350000
9/18/2020,3357.379883,3362.27002,3292.399902,3319.469971,7068700000
9/17/2020,3346.860107,3375.169922,3328.820068,3357.01001,4371940000
9/16/2020,3411.22998,3428.919922,3384.449951,3385.48999,4710030000
9/15/2020,3407.72998,3419.47998,3389.25,3401.199951,4051460000
9/14/2020,3363.560059,3402.929932,3363.560059,3383.540039,3832130000
9/11/2020,3352.699951,3368.949951,3310.469971,3340.969971,3704450000
9/10/2020,3412.560059,3425.550049,3329.25,3339.189941,4192250000
9/9/2020,3369.820068,3424.77002,3366.840088,3398.959961,3920830000
9/8/2020,3371.879883,3379.969971,3329.27002,3331.840088,4665600000
9/4/2020,3453.600098,3479.149902,3349.629883,3426.959961,4431440000
9/3/2020,3564.73999,3564.850098,3427.409912,3455.060059,4898680000
9/2/2020,3543.76001,3588.110107,3535.22998,3580.840088,4285190000
9/1/2020,3507.439941,3528.030029,3494.600098,3526.649902,4083110000
8/31/2020,3509.72998,3514.77002,3493.25,3500.310059,4342290000
8/28/2020,3494.689941,3509.22998,3484.320068,3508.01001,3855880000
8/27/2020,3485.139893,3501.379883,3468.350098,3484.550049,3929560000
8/26/2020,3449.969971,3481.070068,3444.149902,3478.72998,3754360000
8/25/2020,3435.949951,3444.209961,3425.840088,3443.620117,3619300000
8/24/2020,3418.090088,3432.090088,3413.129883,3431.280029,3728690000
8/21/2020,3386.01001,3399.959961,3379.310059,3397.159912,3705420000
8/20/2020,3360.47998,3390.800049,3354.689941,3385.51001,3642850000
8/19/2020,3392.51001,3399.540039,3369.659912,3374.850098,3884480000
8/18/2020,3387.040039,3395.060059,3370.149902,3389.780029,3881310000
8/17/2020,3380.860107,3387.590088,3379.219971,3381.98999,3671290000
8/14/2020,3368.659912,3378.51001,3361.639893,3372.850098,3193400000
8/13/2020,3372.949951,3387.23999,3363.350098,3373.429932,3648810000
8/12/2020,3355.459961,3387.889893,3355.459961,3380.350098,3768560000
8/11/2020,3370.340088,3381.01001,3326.439941,3333.689941,5087650000
8/10/2020,3356.040039,3363.290039,3335.439941,3360.469971,4318570000
8/7/2020,3340.050049,3352.540039,3328.719971,3351.280029,4104860000
8/6/2020,3323.169922,3351.030029,3318.139893,3349.159912,4267490000
8/5/2020,3317.370117,3330.77002,3317.370117,3327.77002,4732220000
8/4/2020,3289.919922,3306.840088,3286.370117,3306.51001,4621670000
8/3/2020,3288.26001,3302.72998,3284.530029,3294.610107,4643640000
7/31/2020,3270.449951,3272.169922,3220.26001,3271.120117,5117260000
7/30/2020,3231.76001,3250.919922,3204.129883,3246.219971,4254010000
7/29/2020,3227.219971,3264.73999,3227.219971,3258.439941,4676300000
7/28/2020,3234.27002,3243.719971,3216.169922,3218.439941,4027890000
7/27/2020,3219.840088,3241.429932,3214.25,3239.409912,3963910000
7/24/2020,3218.580078,3227.26001,3200.050049,3215.629883,3894900000
7/23/2020,3271.639893,3279.98999,3222.659912,3235.659912,4290460000
7/22/2020,3254.860107,3279.320068,3253.100098,3276.02002,4255190000
7/21/2020,3268.52002,3277.290039,3247.77002,3257.300049,4547960000
7/20/2020,3224.290039,3258.610107,3215.159912,3251.840088,3971200000
7/17/2020,3224.209961,3233.52002,3205.649902,3224.72998,3993830000
7/16/2020,3208.360107,3220.389893,3198.590088,3215.570068,3961230000
7/15/2020,3225.97998,3238.280029,3200.76001,3226.560059,4669760000
7/14/2020,3141.110107,3200.949951,3127.659912,3197.52002,4476170000
7/13/2020,3205.080078,3235.320068,3149.429932,3155.219971,4890780000
7/10/2020,3152.469971,3186.820068,3136.219971,3185.040039,4515340000
7/9/2020,3176.169922,3179.780029,3115.699951,3152.050049,4829020000
7/8/2020,3153.070068,3171.800049,3136.530029,3169.939941,4927700000
7/7/2020,3166.439941,3184.149902,3142.929932,3145.320068,4563700000
7/6/2020,3155.290039,3182.590088,3155.290039,3179.719971,4736450000
7/2/2020,3143.639893,3165.810059,3124.52002,3130.01001,4190830000
7/1/2020,3105.919922,3128.439941,3101.169922,3115.860107,4443130000
6/30/2020,3050.199951,3111.51001,3047.830078,3100.290039,4696280000
6/29/2020,3018.590088,3053.889893,2999.73999,3053.23999,4462770000
6/26/2020,3073.199951,3073.72998,3004.629883,3009.050049,8098120000
6/25/2020,3046.600098,3086.25,3024.01001,3083.76001,4815420000
6/24/2020,3114.399902,3115.01001,3032.129883,3050.330078,5587200000
6/23/2020,3138.699951,3154.899902,3127.120117,3131.290039,4704830000
6/22/2020,3094.419922,3120.919922,3079.389893,3117.860107,4665380000
6/19/2020,3140.290039,3155.530029,3083.110107,3097.73999,8327780000
6/18/2020,3101.639893,3120,3093.51001,3115.340088,4429030000
6/17/2020,3136.129883,3141.159912,3108.030029,3113.48999,4549390000
6/16/2020,3131,3153.449951,3076.060059,3124.73999,5829240000
6/15/2020,2993.76001,3079.76001,2965.659912,3066.590088,5740660000
6/12/2020,3071.040039,3088.419922,2984.469971,3041.310059,5832250000
6/11/2020,3123.530029,3123.530029,2999.48999,3002.100098,7018890000
6/10/2020,3213.419922,3223.27002,3181.48999,3190.139893,6570840000
6/9/2020,3213.320068,3222.709961,3193.110107,3207.179932,6382620000
6/8/2020,3199.919922,3233.129883,3196,3232.389893,8437380000
6/5/2020,3163.840088,3211.719971,3163.840088,3193.929932,8617590000
6/4/2020,3111.560059,3128.909912,3090.409912,3112.350098,6428130000
6/3/2020,3098.899902,3130.939941,3098.899902,3122.870117,5989560000
6/2/2020,3064.780029,3081.070068,3051.639893,3080.820068,5187230000
6/1/2020,3038.780029,3062.179932,3031.540039,3055.72998,4673410000
5/29/2020,3025.169922,3049.169922,2998.610107,3044.310059,7275080000
5/28/2020,3046.610107,3068.669922,3023.399902,3029.72998,5402670000
5/27/2020,3015.649902,3036.25,2969.75,3036.129883,6371230000
5/26/2020,3004.080078,3021.719971,2988.169922,2991.77002,5837060000
5/22/2020,2948.050049,2956.76001,2933.590088,2955.449951,3952800000
5/21/2020,2969.949951,2978.5,2938.570068,2948.51001,4966940000
5/20/2020,2953.629883,2980.290039,2953.629883,2971.610107,4992970000
5/19/2020,2948.590088,2964.209961,2922.350098,2922.939941,4969330000
5/18/2020,2913.860107,2968.090088,2913.860107,2953.909912,6364290000
5/15/2020,2829.949951,2865.01001,2816.780029,2863.699951,5477040000
5/14/2020,2794.540039,2852.800049,2766.639893,2852.5,5641920000
5/13/2020,2865.860107,2874.139893,2793.149902,2820,6143130000
5/12/2020,2939.5,2945.820068,2869.590088,2870.120117,5107710000
5/11/2020,2915.459961,2944.25,2903.439941,2930.189941,4807320000
5/8/2020,2908.830078,2932.159912,2902.879883,2929.800049,4857160000
5/7/2020,2878.26001,2901.919922,2876.47998,2881.189941,5164640000
5/6/2020,2883.139893,2891.110107,2847.649902,2848.419922,4861920000
5/5/2020,2868.879883,2898.22998,2863.550049,2868.439941,5129590000
5/4/2020,2815.01001,2844.23999,2797.850098,2842.73999,4723140000
5/1/2020,2869.090088,2869.090088,2821.610107,2830.709961,4753160000
4/30/2020,2930.909912,2930.909912,2892.469971,2912.429932,6523120000
4/29/2020,2918.459961,2954.860107,2912.159912,2939.51001,6620140000
4/28/2020,2909.959961,2921.149902,2860.709961,2863.389893,5672880000
4/27/2020,2854.649902,2887.719971,2852.889893,2878.47998,5194260000
4/24/2020,2812.639893,2842.709961,2791.76001,2836.73999,5374480000
4/23/2020,2810.419922,2844.899902,2794.26001,2797.800049,5756520000
4/22/2020,2787.889893,2815.100098,2775.949951,2799.310059,5049660000
4/21/2020,2784.810059,2785.540039,2727.100098,2736.560059,5075830000
4/20/2020,2845.620117,2868.97998,2820.429932,2823.159912,5220160000
4/17/2020,2842.429932,2879.219971,2830.879883,2874.560059,5792140000
4/16/2020,2799.340088,2806.51001,2764.320068,2799.550049,5179990000
4/15/2020,2795.639893,2801.879883,2761.540039,2783.360107,5203390000
4/14/2020,2805.100098,2851.850098,2805.100098,2846.060059,5567400000
4/13/2020,2782.459961,2782.459961,2721.169922,2761.629883,5274310000
4/9/2020,2776.98999,2818.570068,2762.360107,2789.820068,7880140000
4/8/2020,2685,2760.75,2663.300049,2749.97998,5856370000
4/7/2020,2738.649902,2756.889893,2657.669922,2659.409912,7040720000
4/6/2020,2578.280029,2676.850098,2574.570068,2663.679932,6391860000
4/3/2020,2514.919922,2538.179932,2459.959961,2488.649902,6087190000
4/2/2020,2458.540039,2533.219971,2455.790039,2526.899902,6454990000
4/1/2020,2498.080078,2522.75,2447.48999,2470.5,5947900000
3/31/2020,2614.689941,2641.389893,2571.149902,2584.590088,6568290000
3/30/2020,2558.97998,2631.800049,2545.280029,2626.649902,5746220000
3/27/2020,2555.870117,2615.909912,2520.02002,2541.469971,6194330000
3/26/2020,2501.290039,2637.01001,2500.719971,2630.070068,7753160000
3/25/2020,2457.77002,2571.419922,2407.530029,2475.560059,8285670000
3/24/2020,2344.439941,2449.709961,2344.439941,2447.330078,7547350000
3/23/2020,2290.709961,2300.72998,2191.860107,2237.399902,7402180000
3/20/2020,2431.939941,2453.01001,2295.560059,2304.919922,9044690000
3/19/2020,2393.47998,2466.969971,2319.780029,2409.389893,7946710000
3/18/2020,2436.5,2453.570068,2280.52002,2398.100098,8755780000
3/17/2020,2425.659912,2553.929932,2367.040039,2529.189941,8358500000
3/16/2020,2508.590088,2562.97998,2380.939941,2386.129883,7781540000
3/13/2020,2569.98999,2711.330078,2492.370117,2711.02002,8258670000
3/12/2020,2630.860107,2660.949951,2478.860107,2480.639893,8829380000
3/11/2020,2825.600098,2825.600098,2707.219971,2741.379883,7374110000
3/10/2020,2813.47998,2882.590088,2734,2882.22998,7635960000
3/9/2020,2863.889893,2863.889893,2734.429932,2746.560059,8423050000
3/6/2020,2954.199951,2985.929932,2901.540039,2972.370117,6552140000
3/5/2020,3075.699951,3083.040039,2999.830078,3023.939941,5575550000
3/4/2020,3045.75,3130.969971,3034.379883,3130.120117,5035480000
3/3/2020,3096.459961,3136.719971,2976.629883,3003.370117,6355940000
3/2/2020,2974.280029,3090.959961,2945.189941,3090.22998,6376400000
2/28/2020,2916.899902,2959.719971,2855.840088,2954.219971,8563850000
2/27/2020,3062.540039,3097.070068,2977.389893,2978.76001,7058840000
2/26/2020,3139.899902,3182.51001,3108.98999,3116.389893,5478110000
2/25/2020,3238.939941,3246.98999,3118.77002,3128.209961,5591510000
2/24/2020,3257.610107,3259.810059,3214.649902,3225.889893,4842960000
2/21/2020,3360.5,3360.76001,3328.449951,3337.75,3899270000
2/20/2020,3380.449951,3389.149902,3341.02002,3373.22998,4007320000
2/19/2020,3380.389893,3393.52002,3378.830078,3386.149902,3600150000
2/18/2020,3369.040039,3375.01001,3355.610107,3370.290039,3746720000
2/14/2020,3378.080078,3380.689941,3366.149902,3380.159912,3398040000
2/13/2020,3365.899902,3385.090088,3360.52002,3373.939941,3498240000
2/12/2020,3370.5,3381.469971,3369.719971,3379.449951,3926380000
2/11/2020,3365.870117,3375.629883,3352.719971,3357.75,3760550000
2/10/2020,3318.280029,3352.26001,3317.77002,3352.090088,3450350000
2/7/2020,3335.540039,3341.419922,3322.120117,3327.709961,3730650000
2/6/2020,3344.919922,3347.959961,3334.389893,3345.780029,3868370000
2/5/2020,3324.909912,3337.580078,3313.75,3334.689941,4117730000
2/4/2020,3280.610107,3306.919922,3280.610107,3297.590088,3995320000
2/3/2020,3235.659912,3268.439941,3235.659912,3248.919922,3757910000
1/31/2020,3282.330078,3282.330078,3214.679932,3225.52002,4527830000
1/30/2020,3256.449951,3285.909912,3242.800049,3283.659912,3787250000
1/29/2020,3289.459961,3293.469971,3271.889893,3273.399902,3584500000
1/28/2020,3255.350098,3285.780029,3253.219971,3276.23999,3526720000
1/27/2020,3247.159912,3258.850098,3234.5,3243.629883,3823100000
1/24/2020,3333.100098,3333.179932,3281.530029,3295.469971,3707130000
1/23/2020,3315.77002,3326.879883,3301.870117,3325.540039,3764860000
1/22/2020,3330.02002,3337.77002,3320.040039,3321.75,3619850000
1/21/2020,3321.030029,3329.790039,3316.610107,3320.790039,4105340000
1/17/2020,3323.659912,3329.879883,3318.860107,3329.620117,3698170000
1/16/2020,3302.969971,3317.110107,3302.820068,3316.810059,3535080000
1/15/2020,3282.27002,3298.659912,3280.689941,3289.290039,3716840000
1/14/2020,3285.350098,3294.25,3277.189941,3283.149902,3665130000
1/13/2020,3271.129883,3288.129883,3268.429932,3288.129883,3456380000
1/10/2020,3281.810059,3282.98999,3260.860107,3265.350098,3212970000
1/9/2020,3266.030029,3275.580078,3263.669922,3274.699951,3638390000
1/8/2020,3238.590088,3267.070068,3236.669922,3253.050049,3720890000
1/7/2020,3241.860107,3244.909912,3232.429932,3237.179932,3420380000
1/6/2020,3217.550049,3246.840088,3214.639893,3246.280029,3674070000
1/3/2020,3226.360107,3246.149902,3222.340088,3234.850098,3461290000
1/2/2020,3244.669922,3258.139893,3235.530029,3257.850098,3458250000
12/31/2019,3215.179932,3231.719971,3212.030029,3230.780029,2893810000
12/30/2019,3240.090088,3240.919922,3216.570068,3221.290039,3013290000
12/27/2019,3247.22998,3247.929932,3234.370117,3240.02002,2428670000
12/26/2019,3227.199951,3240.080078,3227.199951,3239.909912,2160680000
12/24/2019,3225.449951,3226.429932,3220.51001,3223.379883,1296540000
12/23/2019,3226.050049,3227.780029,3222.300049,3224.01001,3060610000
12/20/2019,3223.330078,3225.649902,3216.030029,3221.219971,6454270000
12/19/2019,3192.320068,3205.47998,3192.320068,3205.370117,3720450000
12/18/2019,3195.209961,3198.47998,3191.139893,3191.139893,4014080000
12/17/2019,3195.399902,3198.219971,3191.030029,3192.52002,3837540000
12/16/2019,3183.629883,3197.709961,3183.629883,3191.449951,4051790000
12/13/2019,3166.649902,3182.679932,3156.51001,3168.800049,3736870000
12/12/2019,3141.22998,3176.280029,3138.469971,3168.570068,3990690000
12/11/2019,3135.75,3143.97998,3133.209961,3141.629883,3252540000
12/10/2019,3135.360107,3142.120117,3126.090088,3132.52002,3343790000
12/9/2019,3141.860107,3148.870117,3135.459961,3135.959961,3345990000
12/6/2019,3134.620117,3150.600098,3134.620117,3145.909912,3479480000
12/5/2019,3119.209961,3119.449951,3103.76001,3117.429932,3355750000
12/4/2019,3103.5,3119.379883,3102.530029,3112.76001,3695030000
12/3/2019,3087.409912,3094.969971,3070.330078,3093.199951,3653390000
12/2/2019,3143.850098,3144.310059,3110.780029,3113.870117,3268740000
11/29/2019,3147.179932,3150.300049,3139.340088,3140.97998,1743020000
11/27/2019,3145.48999,3154.26001,3143.409912,3153.629883,3033090000
11/26/2019,3134.850098,3142.689941,3131,3140.52002,4595590000
11/25/2019,3117.439941,3133.830078,3117.439941,3133.639893,3511530000
11/22/2019,3111.409912,3112.870117,3099.26001,3110.290039,3226780000
11/21/2019,3108.48999,3110.110107,3094.550049,3103.540039,3720560000
11/20/2019,3114.659912,3118.969971,3091.409912,3108.459961,4034890000
11/19/2019,3127.449951,3127.639893,3113.469971,3120.179932,3590070000
11/18/2019,3117.909912,3124.169922,3112.060059,3122.030029,3436690000
11/15/2019,3107.919922,3120.459961,3104.600098,3120.459961,3335650000
11/14/2019,3090.75,3098.199951,3083.26001,3096.629883,3276070000
11/13/2019,3084.179932,3098.060059,3078.800049,3094.040039,3509280000
11/12/2019,3089.280029,3102.610107,3084.72998,3091.840088,3466010000
11/11/2019,3080.330078,3088.330078,3075.820068,3087.01001,3035530000
11/8/2019,3081.25,3093.090088,3073.580078,3093.080078,3499150000
11/7/2019,3087.02002,3097.77002,3080.22998,3085.179932,4144640000
11/6/2019,3075.100098,3078.340088,3065.889893,3076.780029,4458190000
11/5/2019,3080.800049,3083.949951,3072.149902,3074.620117,4486130000
11/4/2019,3078.959961,3085.199951,3074.870117,3078.27002,4146850000
11/1/2019,3050.719971,3066.949951,3050.719971,3066.909912,3930200000
10/31/2019,3046.899902,3046.899902,3023.189941,3037.560059,4139280000
10/30/2019,3039.73999,3050.100098,3025.959961,3046.77002,3776030000
10/29/2019,3035.389893,3047.870117,3034.810059,3036.889893,3589930000
10/28/2019,3032.120117,3044.080078,3032.120117,3039.419922,3521230000
10/25/2019,3003.320068,3027.389893,3001.939941,3022.550049,3370370000
10/24/2019,3014.780029,3016.070068,3000.419922,3010.290039,3692600000
10/23/2019,2994.01001,3004.780029,2991.209961,3004.52002,3392870000
10/22/2019,3010.72998,3014.570068,2995.040039,2995.98999,3523890000
10/21/2019,2996.47998,3007.330078,2995.350098,3006.719971,3271620000
10/18/2019,2996.840088,3000,2976.310059,2986.199951,3264290000
10/17/2019,3000.77002,3008.290039,2991.790039,2997.949951,3115960000
10/16/2019,2989.679932,2997.540039,2985.199951,2989.689941,3222570000
10/15/2019,2973.610107,3003.280029,2973.610107,2995.679932,3340740000
10/14/2019,2965.810059,2972.840088,2962.939941,2966.149902,2557020000
10/11/2019,2963.070068,2993.280029,2963.070068,2970.27002,3580460000
10/10/2019,2918.550049,2948.459961,2917.120117,2938.129883,3217250000
10/9/2019,2911.100098,2929.320068,2907.409912,2919.399902,2726820000
10/8/2019,2920.399902,2925.469971,2892.659912,2893.060059,3356450000
10/7/2019,2944.22998,2959.75,2935.679932,2938.790039,2940140000
10/4/2019,2918.560059,2953.73999,2918.560059,2952.01001,2990830000
10/3/2019,2885.379883,2911.129883,2855.939941,2910.629883,3503640000
10/2/2019,2924.780029,2924.780029,2874.929932,2887.610107,3912520000
10/1/2019,2983.689941,2992.530029,2938.699951,2940.25,3558040000
9/30/2019,2967.070068,2983.850098,2967.070068,2976.73999,3247610000
9/27/2019,2985.469971,2987.310059,2945.530029,2961.790039,3243650000
9/26/2019,2985.72998,2987.280029,2963.709961,2977.620117,3077240000
9/25/2019,2968.350098,2989.820068,2952.860107,2984.870117,3318870000
9/24/2019,3002.429932,3007.97998,2957.72998,2966.600098,3868160000
9/23/2019,2983.5,2999.149902,2982.22998,2991.780029,3186590000
9/20/2019,3008.419922,3016.370117,2984.679932,2992.070068,6094740000
9/19/2019,3010.360107,3021.98999,3003.159912,3006.790039,3251290000
9/18/2019,3001.5,3007.830078,2978.570068,3006.72998,3435540000
9/17/2019,2995.669922,3006.209961,2993.72998,3005.699951,3671840000
9/16/2019,2996.409912,3002.189941,2990.669922,2997.959961,4274640000
9/13/2019,3012.209961,3017.330078,3002.899902,3007.389893,3520060000
9/12/2019,3009.080078,3020.73999,3000.919922,3009.570068,3791860000
9/11/2019,2981.409912,3000.929932,2975.310059,3000.929932,3927550000
9/10/2019,2971.01001,2979.389893,2957.01001,2979.389893,4390770000
9/9/2019,2988.429932,2989.429932,2969.389893,2978.429932,4002890000
9/6/2019,2980.330078,2985.030029,2972.51001,2978.709961,3208280000
9/5/2019,2960.600098,2985.860107,2960.600098,2976,3890700000
9/4/2019,2924.669922,2938.840088,2921.860107,2937.780029,3163260000
9/3/2019,2909.01001,2914.389893,2891.850098,2906.27002,3426790000
8/30/2019,2937.090088,2940.429932,2913.320068,2926.459961,3008450000
8/29/2019,2910.370117,2930.5,2905.669922,2924.580078,3176190000
8/28/2019,2861.280029,2890.030029,2853.050049,2887.939941,3097420000
8/27/2019,2893.139893,2898.790039,2860.590088,2869.159912,3533630000
8/26/2019,2866.699951,2879.27002,2856,2878.379883,2857600000
8/23/2019,2911.070068,2927.01001,2834.969971,2847.110107,3937300000
8/22/2019,2930.939941,2939.080078,2904.51001,2922.949951,2890880000
8/21/2019,2922.040039,2928.72998,2917.909912,2924.429932,3011190000
8/20/2019,2919.01001,2923.629883,2899.600098,2900.51001,3066300000
8/19/2019,2913.47998,2931,2913.47998,2923.649902,3212880000
8/16/2019,2864.73999,2893.629883,2864.73999,2888.679932,3498150000
8/15/2019,2846.199951,2856.669922,2825.51001,2847.600098,4038000000
8/14/2019,2894.149902,2894.149902,2839.639893,2840.600098,4312530000
8/13/2019,2880.719971,2943.310059,2877.050049,2926.320068,3853600000
8/12/2019,2907.070068,2907.580078,2873.139893,2882.699951,2851630000
8/9/2019,2930.51001,2935.75,2900.149902,2918.649902,3350640000
8/8/2019,2896.209961,2938.719971,2894.469971,2938.090088,4106370000
8/7/2019,2858.649902,2892.169922,2825.709961,2883.97998,4491750000
8/6/2019,2861.179932,2884.399902,2847.419922,2881.77002,4154240000
8/5/2019,2898.070068,2898.070068,2822.120117,2844.73999,4513730000
8/2/2019,2943.899902,2945.5,2914.110107,2932.050049,3874660000
8/1/2019,2980.320068,3013.590088,2945.22998,2953.560059,4762300000
7/31/2019,3016.219971,3017.399902,2958.080078,2980.379883,4623430000
7/30/2019,3007.659912,3017.189941,3000.939941,3013.179932,3634330000
7/29/2019,3024.469971,3025.610107,3014.300049,3020.969971,3203710000
7/26/2019,3013.25,3027.97998,3012.590088,3025.860107,3257590000
7/25/2019,3016.26001,3016.310059,2997.23999,3003.669922,3645270000
7/24/2019,2998.77002,3019.590088,2996.820068,3019.560059,3428980000
7/23/2019,2994.73999,3005.899902,2988.560059,3005.469971,3313660000
7/22/2019,2981.929932,2990.709961,2976.649902,2985.030029,3003720000
7/19/2019,3004.26001,3006.02002,2975.860107,2976.610107,3260360000
7/18/2019,2978.870117,2998.280029,2973.090088,2995.110107,3296580000
7/17/2019,3005.100098,3005.26001,2984.25,2984.419922,3181600000
7/16/2019,3012.129883,3015.02002,3001.149902,3004.040039,3290650000
7/15/2019,3017.800049,3017.800049,3008.77002,3014.300049,2874970000
7/12/2019,3003.360107,3013.919922,3001.870117,3013.77002,2974960000
7/11/2019,2999.620117,3002.330078,2988.800049,2999.909912,3154620000
7/10/2019,2989.300049,3002.97998,2984.620117,2993.070068,3154240000
7/9/2019,2965.52002,2981.899902,2963.439941,2979.629883,3028210000
7/8/2019,2979.77002,2980.76001,2970.090088,2975.949951,2904550000
7/5/2019,2984.25,2994.030029,2967.969971,2990.409912,2434210000
7/3/2019,2978.080078,2995.840088,2977.959961,2995.820068,1963720000
7/2/2019,2964.659912,2973.209961,2955.919922,2973.01001,3206840000
7/1/2019,2971.409912,2977.929932,2952.219971,2964.330078,3513270000
6/28/2019,2932.939941,2943.97998,2929.050049,2941.76001,5420700000
6/27/2019,2919.659912,2929.300049,2918.570068,2924.919922,3122920000
6/26/2019,2926.070068,2932.590088,2912.98999,2913.780029,3478130000
6/25/2019,2945.780029,2946.52002,2916.01001,2917.379883,3578050000
6/24/2019,2951.419922,2954.919922,2944.050049,2945.350098,3136250000
6/21/2019,2952.709961,2964.149902,2946.870117,2950.459961,5000120000
6/20/2019,2949.600098,2958.060059,2931.5,2954.179932,3905940000
6/19/2019,2920.550049,2931.73999,2911.429932,2926.459961,3287890000
6/18/2019,2906.709961,2930.790039,2905.439941,2917.75,3437620000
6/17/2019,2889.75,2897.27002,2887.300049,2889.669922,2810140000
6/14/2019,2886.820068,2894.449951,2879.620117,2886.97998,2922330000
6/13/2019,2886.23999,2895.23999,2881.98999,2891.639893,3069810000
6/12/2019,2882.72998,2888.570068,2874.679932,2879.840088,3034130000
6/11/2019,2903.27002,2910.610107,2878.530029,2885.719971,3548420000
6/10/2019,2885.830078,2904.77002,2885.51001,2886.72998,3209210000
6/7/2019,2852.870117,2884.969971,2852.870117,2873.340088,3220250000
6/6/2019,2828.51001,2852.100098,2822.449951,2843.48999,3396410000
6/5/2019,2818.090088,2827.280029,2800.919922,2826.149902,3548830000
6/4/2019,2762.639893,2804.48999,2762.639893,2803.27002,3810430000
6/3/2019,2751.530029,2763.070068,2728.810059,2744.449951,3966700000
5/31/2019,2766.149902,2768.97998,2750.52002,2752.060059,3981020000
5/30/2019,2786.939941,2799,2776.73999,2788.860107,3273790000
5/29/2019,2790.25,2792.030029,2766.060059,2783.02002,3700050000
5/28/2019,2830.030029,2840.51001,2801.580078,2802.389893,4121410000
5/24/2019,2832.409912,2841.360107,2820.189941,2826.060059,2887390000
5/23/2019,2836.699951,2836.699951,2805.48999,2822.23999,3891980000
5/22/2019,2856.060059,2865.469971,2851.110107,2856.27002,3192510000
5/21/2019,2854.02002,2868.879883,2854.02002,2864.360107,3218700000
5/20/2019,2841.939941,2853.860107,2831.290039,2840.22998,3288870000
5/17/2019,2858.600098,2885.47998,2854.22998,2859.530029,3257950000
5/16/2019,2855.800049,2892.149902,2855.800049,2876.320068,3338060000
5/15/2019,2820.379883,2858.679932,2815.080078,2850.959961,3125950000
5/14/2019,2820.120117,2852.540039,2820.120117,2834.409912,3322720000
5/13/2019,2840.189941,2840.189941,2801.429932,2811.870117,3894030000
5/10/2019,2863.100098,2891.310059,2825.389893,2881.399902,3529600000
5/9/2019,2859.840088,2875.969971,2836.399902,2870.719971,3638820000
5/8/2019,2879.610107,2897.959961,2873.280029,2879.419922,3485790000
5/7/2019,2913.030029,2913.030029,2862.600098,2884.050049,3767100000
5/6/2019,2908.889893,2937.320068,2898.209961,2932.469971,3181520000
5/3/2019,2929.209961,2947.850098,2929.209961,2945.639893,3338120000
5/2/2019,2922.159912,2931.679932,2900.5,2917.52002,3778890000
5/1/2019,2952.330078,2954.129883,2923.360107,2923.72998,3645850000
4/30/2019,2937.139893,2948.219971,2924.110107,2945.830078,3919330000
4/29/2019,2940.580078,2949.52002,2939.350098,2943.030029,3118780000
4/26/2019,2925.810059,2939.879883,2917.560059,2939.879883,3248500000
4/25/2019,2928.98999,2933.100098,2912.840088,2926.169922,3425280000
4/24/2019,2934,2936.830078,2926.050049,2927.25,3448960000
4/23/2019,2909.98999,2936.310059,2908.530029,2933.679932,3635030000
4/22/2019,2898.780029,2909.51001,2896.350098,2907.969971,2997950000
4/18/2019,2904.810059,2908.399902,2891.899902,2905.030029,3506850000
4/17/2019,2916.040039,2918,2895.449951,2900.449951,3602300000
4/16/2019,2912.26001,2916.060059,2900.709961,2907.060059,3402210000
4/15/2019,2908.320068,2909.600098,2896.47998,2905.580078,3088330000
4/12/2019,2900.860107,2910.540039,2898.370117,2907.409912,3688490000
4/11/2019,2891.919922,2893.419922,2881.98999,2888.320068,2938540000
4/10/2019,2881.370117,2889.709961,2879.129883,2888.209961,3062380000
4/9/2019,2886.580078,2886.879883,2873.330078,2878.199951,3007980000
4/8/2019,2888.459961,2895.949951,2880.780029,2895.77002,3054030000
4/5/2019,2884.159912,2893.23999,2882.98999,2892.73999,3146820000
4/4/2019,2873.98999,2881.280029,2867.139893,2879.389893,3015180000
4/3/2019,2876.090088,2885.25,2865.169922,2873.399902,3550240000
4/2/2019,2868.23999,2872.899902,2858.75,2867.23999,3246900000
4/1/2019,2848.629883,2869.399902,2848.629883,2867.189941,3500760000
3/29/2019,2828.27002,2836.030029,2819.22998,2834.399902,3740700000
3/28/2019,2809.399902,2819.709961,2798.77002,2815.439941,3158170000
3/27/2019,2819.719971,2825.560059,2787.719971,2805.370117,3372930000
3/26/2019,2812.659912,2829.870117,2803.98999,2818.459961,3266050000
3/25/2019,2796.01001,2809.790039,2785.02002,2798.360107,3376580000
3/22/2019,2844.52002,2846.159912,2800.469971,2800.709961,4237200000
3/21/2019,2819.719971,2860.310059,2817.379883,2854.879883,3546800000
3/20/2019,2831.340088,2843.540039,2812.429932,2824.22998,3771200000
3/19/2019,2840.76001,2852.419922,2823.27002,2832.570068,3620220000
3/18/2019,2822.610107,2835.409912,2821.98999,2832.939941,3552190000
3/15/2019,2810.790039,2830.72998,2810.790039,2822.47998,5962730000
3/14/2019,2810.379883,2815,2803.459961,2808.47998,3469730000
3/13/2019,2799.780029,2821.23999,2799.780029,2810.919922,3766150000
3/12/2019,2787.340088,2798.320068,2786.72998,2791.52002,3414230000
3/11/2019,2747.610107,2784,2747.610107,2783.300049,3749030000
3/8/2019,2730.790039,2744.129883,2722.27002,2743.070068,3423130000
3/7/2019,2766.530029,2767.25,2739.090088,2748.929932,3904860000
3/6/2019,2790.27002,2790.27002,2768.689941,2771.449951,3786600000
3/5/2019,2794.409912,2796.439941,2782.969971,2789.649902,3585690000
3/4/2019,2814.370117,2816.879883,2767.659912,2792.810059,3919810000
3/1/2019,2798.219971,2808.02002,2787.379883,2803.689941,3972280000
2/28/2019,2788.110107,2793.72998,2782.51001,2784.48999,4396930000
2/27/2019,2787.5,2795.76001,2775.129883,2792.379883,3767130000
2/26/2019,2792.360107,2803.120117,2789.469971,2793.899902,3645680000
2/25/2019,2804.350098,2813.48999,2794.98999,2796.110107,3804380000
2/22/2019,2780.669922,2794.199951,2779.110107,2792.669922,3427810000
2/21/2019,2780.23999,2781.580078,2764.550049,2774.879883,3559710000
2/20/2019,2779.050049,2789.879883,2774.060059,2784.699951,3835450000
2/19/2019,2769.280029,2787.330078,2767.290039,2779.76001,3533710000
2/15/2019,2760.23999,2775.659912,2760.23999,2775.600098,3641370000
2/14/2019,2743.5,2757.899902,2731.22998,2745.72998,3836700000
2/13/2019,2750.300049,2761.850098,2748.629883,2753.030029,3670770000
2/12/2019,2722.610107,2748.189941,2722.610107,2744.72998,3827770000
2/11/2019,2712.399902,2718.050049,2703.790039,2709.800049,3361970000
2/8/2019,2692.360107,2708.070068,2681.830078,2707.879883,3622330000
2/7/2019,2717.530029,2719.320068,2687.26001,2706.050049,4099490000
2/6/2019,2735.050049,2738.080078,2724.149902,2731.610107,3472690000
2/5/2019,2728.340088,2738.97998,2724.030029,2737.699951,3560430000
2/4/2019,2706.48999,2724.98999,2698.75,2724.870117,3359840000
2/1/2019,2702.320068,2716.659912,2696.879883,2706.530029,3759270000
1/31/2019,2685.48999,2708.949951,2678.649902,2704.100098,4917650000
1/30/2019,2653.620117,2690.439941,2648.340088,2681.050049,3867810000
1/29/2019,2644.889893,2650.929932,2631.050049,2640,3504200000
1/28/2019,2644.969971,2644.969971,2624.060059,2643.850098,3612810000
1/25/2019,2657.439941,2672.379883,2657.330078,2664.76001,3814080000
1/24/2019,2638.840088,2647.199951,2627.01001,2642.330078,3433250000
1/23/2019,2643.47998,2653.189941,2612.860107,2638.699951,3335610000
1/22/2019,2657.879883,2657.879883,2617.27002,2632.899902,3908030000
1/18/2019,2651.27002,2675.469971,2647.580078,2670.709961,3986730000
1/17/2019,2609.280029,2645.060059,2606.360107,2635.959961,3772270000
1/16/2019,2614.75,2625.76001,2612.679932,2616.100098,3863770000
1/15/2019,2585.100098,2613.080078,2585.100098,2610.300049,3572330000
1/14/2019,2580.310059,2589.320068,2570.409912,2582.610107,3664450000
1/11/2019,2588.110107,2596.27002,2577.399902,2596.26001,3434490000
1/10/2019,2573.51001,2597.820068,2562.02002,2596.639893,3704500000
1/9/2019,2580,2595.320068,2568.889893,2584.959961,4052480000
1/8/2019,2568.110107,2579.820068,2547.560059,2574.409912,4083030000
1/7/2019,2535.610107,2566.159912,2524.560059,2549.689941,4104710000
1/4/2019,2474.330078,2538.070068,2474.330078,2531.939941,4213410000
1/3/2019,2491.919922,2493.139893,2443.959961,2447.889893,3822860000
1/2/2019,2476.959961,2519.48999,2467.469971,2510.030029,3733160000
12/31/2018,2498.939941,2509.23999,2482.820068,2506.850098,3442870000
12/28/2018,2498.77002,2520.27002,2472.889893,2485.73999,3702620000
12/27/2018,2442.5,2489.100098,2397.939941,2488.830078,4096610000
12/26/2018,2363.120117,2467.76001,2346.580078,2467.699951,4233990000
12/24/2018,2400.560059,2410.340088,2351.100098,2351.100098,2613930000
12/21/2018,2465.379883,2504.409912,2408.550049,2416.620117,7609010000
12/20/2018,2496.77002,2509.629883,2441.179932,2467.419922,5585780000
12/19/2018,2547.050049,2585.290039,2488.959961,2506.959961,5127940000
12/18/2018,2559.899902,2573.98999,2528.709961,2546.159912,4470880000
12/17/2018,2590.75,2601.129883,2530.540039,2545.939941,4616350000
12/14/2018,2629.679932,2635.070068,2593.840088,2599.949951,4035020000
12/13/2018,2658.699951,2670.189941,2637.27002,2650.540039,3927720000
12/12/2018,2658.22998,2685.439941,2650.26001,2651.070068,3958890000
12/11/2018,2664.439941,2674.350098,2621.300049,2636.780029,3905870000
12/10/2018,2630.860107,2647.51001,2583.22998,2637.719971,4151030000
12/7/2018,2691.26001,2708.540039,2623.139893,2633.080078,4216690000
12/6/2018,2663.51001,2696.149902,2621.530029,2695.949951,5141470000
12/4/2018,2782.429932,2785.929932,2697.179932,2700.060059,4499840000
12/3/2018,2790.5,2800.179932,2773.379883,2790.370117,4186060000
11/30/2018,2737.76001,2760.879883,2732.76001,2760.169922,4658580000
11/29/2018,2736.969971,2753.75,2722.939941,2737.800049,3560770000
11/28/2018,2691.449951,2744,2684.379883,2743.790039,3951670000
11/27/2018,2663.75,2682.530029,2655.889893,2682.169922,3485220000
11/26/2018,2649.969971,2674.350098,2649.969971,2673.449951,3443950000
11/23/2018,2633.360107,2647.550049,2631.090088,2632.560059,1651650000
11/21/2018,2657.73999,2670.72998,2649.820068,2649.929932,3233550000
11/20/2018,2654.600098,2669.439941,2631.52002,2641.889893,4357900000
11/19/2018,2730.73999,2733.159912,2681.090088,2690.72998,3772900000
11/16/2018,2718.540039,2746.75,2712.159912,2736.27002,3975180000
11/15/2018,2693.52002,2735.379883,2670.75,2730.199951,4179140000
11/14/2018,2737.899902,2746.800049,2685.75,2701.580078,4402370000
11/13/2018,2730.050049,2754.600098,2714.97998,2722.179932,4091440000
11/12/2018,2773.929932,2775.98999,2722,2726.219971,3670930000
11/9/2018,2794.100098,2794.100098,2764.23999,2781.01001,4019090000
11/8/2018,2806.379883,2814.75,2794.98999,2806.830078,3630490000
11/7/2018,2774.129883,2815.149902,2774.129883,2813.889893,3914750000
11/6/2018,2738.399902,2756.820068,2737.080078,2755.449951,3510860000
11/5/2018,2726.370117,2744.27002,2717.939941,2738.310059,3623320000
11/2/2018,2745.449951,2756.550049,2700.439941,2723.060059,4237930000
11/1/2018,2717.580078,2741.669922,2708.850098,2740.370117,4708420000
10/31/2018,2705.600098,2736.689941,2705.600098,2711.73999,5112420000
10/30/2018,2640.679932,2685.429932,2635.340088,2682.629883,5106380000
10/29/2018,2682.649902,2706.850098,2603.540039,2641.25,4673700000
10/26/2018,2667.860107,2692.379883,2628.159912,2658.689941,4803150000
10/25/2018,2674.879883,2722.699951,2667.840088,2705.570068,4634770000
10/24/2018,2737.870117,2742.590088,2651.889893,2656.100098,4709310000
10/23/2018,2721.030029,2753.590088,2691.429932,2740.689941,4348580000
10/22/2018,2773.939941,2778.939941,2749.219971,2755.879883,3307140000
10/19/2018,2775.659912,2797.77002,2760.27002,2767.780029,3566490000
10/18/2018,2802,2806.040039,2755.179932,2768.780029,3616440000
10/17/2018,2811.669922,2816.939941,2781.810059,2809.209961,3321710000
10/16/2018,2767.050049,2813.459961,2766.909912,2809.919922,3428340000
10/15/2018,2763.830078,2775.98999,2749.030029,2750.790039,3300140000
10/12/2018,2770.540039,2775.77002,2729.439941,2767.129883,3966040000
10/11/2018,2776.870117,2795.139893,2710.51001,2728.370117,4890630000
10/10/2018,2873.899902,2874.02002,2784.860107,2785.679932,4501250000
10/9/2018,2882.51001,2894.830078,2874.27002,2880.340088,3520500000
10/8/2018,2877.530029,2889.449951,2862.080078,2884.429932,3330320000
10/5/2018,2902.540039,2909.639893,2869.290039,2885.570068,3328980000
10/4/2018,2919.350098,2919.780029,2883.919922,2901.610107,3496860000
10/3/2018,2931.689941,2939.860107,2921.360107,2925.51001,3598710000
10/2/2018,2923.800049,2931.419922,2919.370117,2923.429932,3401880000
10/1/2018,2926.290039,2937.060059,2917.909912,2924.590088,3364190000
9/28/2018,2910.030029,2920.530029,2907.5,2913.97998,3432300000
9/27/2018,2911.649902,2927.219971,2909.27002,2914,3060850000
9/26/2018,2916.97998,2931.149902,2903.280029,2905.969971,3388620000
9/25/2018,2921.75,2923.949951,2913.699951,2915.560059,3285480000
9/24/2018,2921.830078,2923.790039,2912.629883,2919.370117,3372210000
9/21/2018,2936.76001,2940.909912,2927.110107,2929.669922,5607610000
9/20/2018,2919.72998,2934.800049,2919.72998,2930.75,3337730000
9/19/2018,2906.600098,2912.360107,2903.820068,2907.949951,3280020000
9/18/2018,2890.73999,2911.169922,2890.429932,2904.310059,3074610000
9/17/2018,2903.830078,2904.649902,2886.159912,2888.800049,2947760000
9/14/2018,2906.379883,2908.300049,2895.77002,2904.97998,3149800000
9/13/2018,2896.850098,2906.76001,2896.389893,2904.179932,3254930000
9/12/2018,2888.290039,2894.649902,2879.199951,2888.919922,3264930000
9/11/2018,2871.570068,2892.52002,2866.780029,2887.889893,2899660000
9/10/2018,2881.389893,2886.929932,2875.939941,2877.129883,2731400000
9/7/2018,2868.26001,2883.810059,2864.120117,2871.679932,2946270000
9/6/2018,2888.639893,2892.050049,2867.290039,2878.050049,3139590000
9/5/2018,2891.590088,2894.209961,2876.919922,2888.600098,3241250000
9/4/2018,2896.959961,2900.179932,2885.129883,2896.719971,3077060000
8/31/2018,2898.370117,2906.320068,2891.72998,2901.52002,2880260000
8/30/2018,2908.939941,2912.459961,2895.219971,2901.129883,2802180000
8/29/2018,2900.620117,2916.5,2898.399902,2914.040039,2791860000
8/28/2018,2901.449951,2903.77002,2893.5,2897.52002,2683190000
8/27/2018,2884.689941,2898.25,2884.689941,2896.73999,2854080000
8/24/2018,2862.350098,2876.159912,2862.350098,2874.689941,2596190000
8/23/2018,2860.290039,2868.780029,2854.030029,2856.97998,2713910000
8/22/2018,2860.98999,2867.540039,2856.050049,2861.820068,2689560000
8/21/2018,2861.51001,2873.22998,2861.320068,2862.959961,3147140000
8/20/2018,2853.929932,2859.76001,2850.620117,2857.050049,2748020000
8/17/2018,2838.320068,2855.629883,2833.72998,2850.129883,3024100000
8/16/2018,2831.439941,2850.48999,2831.439941,2840.689941,3219880000
8/15/2018,2827.949951,2827.949951,2802.48999,2818.370117,3645070000
8/14/2018,2827.879883,2843.110107,2826.580078,2839.959961,2976970000
8/13/2018,2835.459961,2843.399902,2819.879883,2821.929932,3158450000
8/10/2018,2838.899902,2842.199951,2825.810059,2833.280029,3256040000
8/9/2018,2857.189941,2862.47998,2851.97998,2853.580078,3047050000
8/8/2018,2856.790039,2862.439941,2853.090088,2857.699951,2972200000
8/7/2018,2855.919922,2863.429932,2855.919922,2858.449951,3162770000
8/6/2018,2840.290039,2853.290039,2835.97998,2850.399902,2874540000
8/3/2018,2829.620117,2840.379883,2827.370117,2840.350098,3030390000
8/2/2018,2800.47998,2829.909912,2796.340088,2827.219971,3467380000
8/1/2018,2821.169922,2825.830078,2805.850098,2813.360107,3496990000
7/31/2018,2809.72998,2824.459961,2808.060059,2816.290039,3892100000
7/30/2018,2819,2821.73999,2798.110107,2802.600098,3245770000
7/27/2018,2842.350098,2843.169922,2808.340088,2818.820068,3415710000
7/26/2018,2835.48999,2845.570068,2835.26001,2837.439941,3653330000
7/25/2018,2817.72998,2848.030029,2817.72998,2846.070068,3553010000
7/24/2018,2820.679932,2829.98999,2811.120117,2820.399902,3417530000
7/23/2018,2799.169922,2808.610107,2795.139893,2806.97998,2907430000
7/20/2018,2804.550049,2809.699951,2800.01001,2801.830078,3230210000
7/19/2018,2809.370117,2812.050049,2799.77002,2804.48999,3266700000
7/18/2018,2811.350098,2816.76001,2805.889893,2815.620117,3089780000
7/17/2018,2789.340088,2814.189941,2789.23999,2809.550049,3050730000
7/16/2018,2797.360107,2801.189941,2793.389893,2798.429932,2812230000
7/13/2018,2796.929932,2804.530029,2791.689941,2801.310059,2614000000
7/12/2018,2783.139893,2799.219971,2781.530029,2798.290039,2821690000
7/11/2018,2779.820068,2785.909912,2770.77002,2774.02002,2964740000
7/10/2018,2788.560059,2795.580078,2786.23999,2793.840088,3063850000
7/9/2018,2775.620117,2784.649902,2770.72998,2784.169922,3050040000
7/6/2018,2737.679932,2764.409912,2733.52002,2759.820068,2554780000
7/5/2018,2724.189941,2737.830078,2716.02002,2736.610107,2953420000
7/3/2018,2733.27002,2736.580078,2711.159912,2713.219971,1911470000
7/2/2018,2704.949951,2727.26001,2698.949951,2726.709961,3073650000
